Horodateur,Nickname,Crossbow [Damage],Crossbow [Accuracy],Crossbow [Range],Crossbow [Rate of fire],Crossbow [Reload speed],Crossbow [Recoil],Crossbow [Ammo capacity],Crossbow [Projectile speed],Flamethrower [Damage],Flamethrower [Accuracy],Flamethrower [Range],Flamethrower [Rate of fire],Flamethrower [Reload speed],Flamethrower [Recoil],Flamethrower [Ammo capacity],Flamethrower [Projectile speed],Grenade launcher [Damage],Grenade launcher [Accuracy],Grenade launcher [Range],Grenade launcher [Rate of fire],Grenade launcher [Reload speed],Grenade launcher [Recoil],Grenade launcher [Ammo capacity],Grenade launcher [Projectile speed],HMG [Damage],HMG [Accuracy],HMG [Range],HMG [Rate of fire],HMG [Reload speed],HMG [Recoil],HMG [Ammo capacity],HMG [Projectile speed],Knife [Damage],Knife [Accuracy],Knife [Range],Knife [Rate of fire],Knife [Reload speed],Knife [Recoil],Knife [Ammo capacity],Knife [Projectile speed],Revolver [Damage],Revolver [Accuracy],Revolver [Range],Revolver [Rate of fire],Revolver [Reload speed],Revolver [Recoil],Revolver [Ammo capacity],Revolver [Projectile speed],Rocket launcher [Damage],Rocket launcher [Accuracy],Rocket launcher [Range],Rocket launcher [Rate of fire],Rocket launcher [Reload speed],Rocket launcher [Recoil],Rocket launcher [Ammo capacity],Rocket launcher [Projectile speed],Shocker [Damage],Shocker [Accuracy],Shocker [Range],Shocker [Rate of fire],Shocker [Reload speed],Shocker [Recoil],Shocker [Ammo capacity],Shocker [Projectile speed],Shotgun [Damage],Shotgun [Accuracy],Shotgun [Range],Shotgun [Rate of fire],Shotgun [Reload speed],Shotgun [Recoil],Shotgun [Ammo capacity],Shotgun [Projectile speed],SMG [Damage],SMG [Accuracy],SMG [Range],SMG [Rate of fire],SMG [Reload speed],SMG [Recoil],SMG [Ammo capacity],SMG [Projectile speed],Spreadgun [Damage],Spreadgun [Accuracy],Spreadgun [Range],Spreadgun [Rate of fire],Spreadgun [Reload speed],Spreadgun [Recoil],Spreadgun [Ammo capacity],Spreadgun [Projectile speed],Comments
26/11/2022 00:44:44,,Need a buff,Need a big buff,No opinion,Need a buff,Need a buff,Need a buff,Need a buff,Need a buff,Need a buff,Need a buff,Need a buff,Need a buff,Need a buff,Need a buff,Need a buff,Need a buff,Need a big buff,Need a big buff,Need a big buff,Need a big buff,Need a big buff,Need a big buff,Need a big buff,Need a big buff,Need a big buff,Need a big buff,Need a big buff,Need a big buff,Need a big buff,Need a big buff,Need a big buff,Need a big buff,Need a nerf,Need a nerf,Need a nerf,Need a nerf,Need a nerf,Need a nerf,Need a nerf,Need a nerf,Need a buff,Need a buff,Need a buff,Need a buff,Need a buff,Need a buff,Need a buff,Need a buff,Need a buff,Need a buff,Need a buff,Need a buff,Need a buff,Need a buff,Need a buff,Need a buff,Need a buff,Need a buff,Need a buff,Need a buff,Need a buff,Need a buff,Need a buff,Need a buff,Need a big nerf,Need a big nerf,Need a big nerf,Need a big nerf,Need a big nerf,Need a big nerf,Need a big nerf,Need a big nerf,Need a buff,Need a buff,Need a buff,Need a buff,Need a buff,Need a buff,Need a buff,Need a buff,Need a big buff,Need a big buff,Need a big buff,Need a big buff,Need a big buff,Need a big buff,Need a big buff,Need a big buff,
26/11/2022 00:47:27,Bubu,Need a buff,Need a big buff,Is balanced,Is balanced,Is balanced,Need a buff,Is balanced,Is balanced,Is balanced,Is balanced,Is balanced,Is balanced,Is balanced,Is balanced,Is balanced,Is balanced,Need a buff,Need a nerf,Need a nerf,Need a nerf,Is balanced,Is balanced,Need a nerf,Need a nerf,Is balanced,Need a buff,Is balanced,Is balanced,Is balanced,Is balanced,Is balanced,Is balanced,Need a nerf,Is balanced,Need a nerf,Need a nerf,Is balanced,Is balanced,Is balanced,Is balanced,Need a buff,Need a big buff,Is balanced,Is balanced,Is balanced,Need a buff,Is balanced,Is balanced,Is balanced,Is balanced,Need a nerf,Is balanced,Need a nerf,Is balanced,Need a nerf,Is balanced,Need a buff,Is balanced,Is balanced,Is balanced,Is balanced,Is balanced,Is balanced,Is balanced,Need a nerf,Is balanced,Is balanced,Need a nerf,Is balanced,Is balanced,Is balanced,Is balanced,Need a buff,Is balanced,Need a buff,Is balanced,Need a buff,Need a buff,Is balanced,Is balanced,Is balanced,Is balanced,Need a nerf,Need a buff,Is balanced,Is balanced,Need a buff,Is balanced,
26/11/2022 00:53:34,Bogd3nBTC,Is balanced,Need a buff,Is balanced,Is balanced,Is balanced,Need a buff,Is balanced,Is balanced,Need a buff,Is balanced,Is balanced,Is balanced,Is balanced,Is balanced,Is balanced,Is balanced,Need a buff,Is balanced,Is balanced,Need a nerf,Need a big buff,Is balanced,Need a nerf,Is balanced,Is balanced,Is balanced,Need a nerf,Is balanced,Is balanced,Is balanced,Is balanced,Is balanced,Is balanced,Is balanced,Need a big nerf,Need a nerf,No opinion,Is balanced,No opinion,Need a nerf,Is balanced,Need a big buff,Is balanced,Is balanced,Is balanced,Need a big buff,Is balanced,Is balanced,Is balanced,Need a nerf,Is balanced,Is balanced,Is balanced,Is balanced,Is balanced,Is balanced,Is balanced,Is balanced,Need a big nerf,Is balanced,Is balanced,Is balanced,Is balanced,Is balanced,Is balanced,Is balanced,Need a nerf,Is balanced,Is balanced,Is balanced,Is balanced,Is balanced,Need a buff,Is balanced,Is balanced,Is balanced,Is balanced,Is balanced,Is balanced,Is balanced,Need a big buff,Need a big buff,Need a big buff,Need a big buff,Need a big buff,Need a big buff,Need a big buff,Need a big buff,
26/11/2022 06:10:26,Reeluu,Is balanced,Need a big buff,Is balanced,Need a buff,Need a buff,Is balanced,Is balanced,Is balanced,Is balanced,Is balanced,Is balanced,Is balanced,Is balanced,Is balanced,Is balanced,Is balanced,Is balanced,Is balanced,Is balanced,Need a buff,Need a buff,Is balanced,Is balanced,Is balanced,Is balanced,Need a big buff,Is balanced,Is balanced,Is balanced,Is balanced,Is balanced,Is balanced,Is balanced,Is balanced,Need a nerf,Is balanced,Is balanced,Is balanced,Is balanced,Need a nerf,Is balanced,Need a big buff,Is balanced,Is balanced,Is balanced,Is balanced,Is balanced,Is balanced,Is balanced,Need a big buff,Is balanced,Is balanced,Is balanced,Is balanced,Is balanced,Is balanced,Is balanced,Is balanced,Is balanced,Is balanced,Is balanced,Is balanced,Is balanced,Is balanced,Is balanced,Is balanced,Need a nerf,Is balanced,Need a nerf,Is balanced,Is balanced,Is balanced,Is balanced,Need a big buff,Is balanced,Is balanced,Is balanced,Is balanced,Is balanced,Is balanced,Need a buff,Need a big buff,Is balanced,Need a big buff,Need a buff,Is balanced,Is balanced,Need a big buff,
26/11/2022 12:55:00,,Need a buff,Need a buff,Is balanced,Is balanced,Is balanced,Is balanced,Is balanced,Is balanced,Is balanced,Is balanced,Need a big nerf,Is balanced,Is balanced,Is balanced,Is balanced,Is balanced,Is balanced,Need a nerf,Need a nerf,Need a nerf,Is balanced,Is balanced,Is balanced,Need a nerf,Need a buff,Is balanced,Is balanced,Is balanced,Is balanced,Is balanced,Is balanced,Is balanced,Need a nerf,Is balanced,Is balanced,Need a big nerf,Need a nerf,Is balanced,Is balanced,Is balanced,Is balanced,Is balanced,Is balanced,Is balanced,Is balanced,Is balanced,Is balanced,Is balanced,Is balanced,Is balanced,Is balanced,Is balanced,Is balanced,Is balanced,Is balanced,Is balanced,No opinion,No opinion,No opinion,No opinion,No opinion,No opinion,No opinion,No opinion,Need a big nerf,Need a big nerf,Need a big nerf,Need a big nerf,Is balanced,Is balanced,Need a nerf,Is balanced,Need a buff,Is balanced,Is balanced,Need a buff,Is balanced,Is balanced,Is balanced,Need a buff,No opinion,No opinion,No opinion,No opinion,No opinion,No opinion,No opinion,No opinion,
26/11/2022 12:55:11,,Is balanced,Need a nerf,Need a nerf,Is balanced,Is balanced,Is balanced,Is balanced,Is balanced,Need a nerf,Need a nerf,Need a nerf,Is balanced,Need a nerf,Is balanced,Need a nerf,Need a nerf,Need a big nerf,Need a nerf,Need a nerf,Is balanced,Is balanced,Is balanced,Need a nerf,Is balanced,Need a nerf,Need a big nerf,Need a nerf,Is balanced,Is balanced,Is balanced,Is balanced,Is balanced,Need a buff,Need a buff,Is balanced,Is balanced,Is balanced,Is balanced,Is balanced,Is balanced,Need a nerf,Need a nerf,Is balanced,Is balanced,Is balanced,Is balanced,Is balanced,Is balanced,Is balanced,Need a nerf,Is balanced,Is balanced,Is balanced,Is balanced,Is balanced,Is balanced,Need a nerf,Is balanced,Need a nerf,Is balanced,Is balanced,Is balanced,Is balanced,Is balanced,Is balanced,Need a nerf,Is balanced,Is balanced,Is balanced,Is balanced,Is balanced,Is balanced,Need a nerf,Need a nerf,Need a nerf,Is balanced,Is balanced,Is balanced,Is balanced,Is balanced,Need a nerf,Is balanced,Is balanced,Is balanced,Is balanced,Is balanced,Is balanced,Is balanced,
26/11/2022 12:57:31,Cms,Need a big buff,Need a big buff,Need a big buff,Need a big buff,Need a big buff,Need a big buff,Need a big buff,Need a big buff,Need a big buff,Need a big buff,Need a big buff,Need a big buff,Need a big buff,Need a big buff,Need a big buff,Need a big buff,Need a big buff,Need a big buff,Need a big buff,Need a big buff,Need a big buff,Need a big buff,Need a big buff,Need a big buff,Need a big buff,Need a big buff,Need a big buff,Need a big buff,Need a big buff,Need a big buff,Need a big buff,Need a big buff,Need a big buff,Need a big buff,Need a big buff,Need a big buff,Need a big buff,Need a big buff,Need a big buff,Need a big buff,Need a big nerf,Need a big nerf,Need a big nerf,Need a big nerf,Need a big nerf,Need a big nerf,Need a big nerf,Need a big nerf,Need a big buff,Need a big buff,Need a big buff,Need a big buff,Need a big buff,Need a big buff,Need a big buff,Need a big buff,Need a big nerf,Need a big nerf,Need a big nerf,Need a big nerf,Need a big nerf,Need a big nerf,Need a big nerf,Need a big nerf,Need a big buff,Need a big buff,Need a big buff,Need a big buff,Need a big buff,Need a big buff,Need a big buff,Need a big buff,Need a big nerf,Need a big nerf,Need a big nerf,Need a big nerf,Need a big nerf,Need a big nerf,Need a big nerf,Need a big nerf,Need a big nerf,Need a big nerf,Need a big nerf,Need a big nerf,Need a big nerf,Need a big nerf,Need a big nerf,Need a big nerf,Thank you
26/11/2022 12:59:00,,Need a big buff,Need a big buff,No opinion,No opinion,No opinion,No opinion,No opinion,No opinion,Need a buff,Is balanced,Is balanced,Is balanced,Is balanced,Is balanced,Is balanced,Is balanced,Is balanced,Is balanced,Is balanced,Is balanced,Is balanced,Is balanced,Is balanced,Is balanced,Need a big buff,Need a big buff,Need a big buff,No opinion,No opinion,No opinion,No opinion,No opinion,Is balanced,No opinion,Need a big nerf,No opinion,No opinion,No opinion,No opinion,No opinion,Need a big buff,Need a big buff,Need a big buff,Need a buff,No opinion,No opinion,No opinion,Is balanced,Is balanced,Need a buff,Need a buff,Is balanced,Need a big buff,No opinion,No opinion,No opinion,Need a buff,No opinion,Need a nerf,No opinion,No opinion,No opinion,No opinion,No opinion,Is balanced,Is balanced,Is balanced,Is balanced,Need a buff,Is balanced,Is balanced,Need a buff,Need a buff,Need a buff,Need a buff,No opinion,No opinion,No opinion,No opinion,No opinion,Need a buff,Need a buff,Need a buff,No opinion,No opinion,No opinion,No opinion,No opinion,
26/11/2022 12:59:44,Hatter,Is balanced,Need a buff,Need a buff,Need a buff,Need a buff,Is balanced,Need a buff,Is balanced,Need a nerf,Is balanced,Is balanced,Need a nerf,Is balanced,Is balanced,Need a nerf,Is balanced,Is balanced,Is balanced,Need a buff,Is balanced,Need a buff,Is balanced,Is balanced,Is balanced,Need a buff,Need a buff,Is balanced,Is balanced,Is balanced,Is balanced,Is balanced,Is balanced,Need a nerf,Is balanced,Is balanced,Is balanced,Is balanced,Is balanced,Is balanced,Is balanced,Is balanced,Need a buff,Need a buff,Need a buff,Need a buff,Is balanced,Is balanced,Is balanced,Is balanced,Is balanced,Is balanced,Need a buff,Is balanced,Is balanced,Need a buff,Is balanced,Need a nerf,Is balanced,Is balanced,Is balanced,Is balanced,Is balanced,Is balanced,Is balanced,Need a nerf,Is balanced,Need a buff,Is balanced,Need a buff,Is balanced,Is balanced,Is balanced,Need a buff,Is balanced,Is balanced,Is balanced,Need a buff,Is balanced,Is balanced,Is balanced,Need a buff,Is balanced,Need a buff,Is balanced,Is balanced,Is balanced,Is balanced,Is balanced,
26/11/2022 13:00:43,rifachnia,Need a big buff,Is balanced,Need a buff,Is balanced,Is balanced,Is balanced,Is balanced,Need a big buff,Is balanced,Is balanced,Need a big buff,Is balanced,Is balanced,Is balanced,Is balanced,Is balanced,Is balanced,Need a big buff,Need a big buff,Is balanced,Need a buff,Is balanced,Is balanced,Need a big buff,Is balanced,Is balanced,Is balanced,Is balanced,Need a buff,Is balanced,Is balanced,Is balanced,Need a nerf,Is balanced,Need a nerf,Is balanced,Is balanced,No opinion,No opinion,No opinion,Need a buff,Need a buff,Need a buff,Need a buff,Need a big buff,Need a buff,Need a buff,Need a buff,Is balanced,Is balanced,Is balanced,Is balanced,Is balanced,Is balanced,Is balanced,Is balanced,Is balanced,Is balanced,Need a big buff,Is balanced,Is balanced,Is balanced,Is balanced,Is balanced,Need a nerf,Need a nerf,Need a nerf,Is balanced,Need a nerf,Need a nerf,Is balanced,Is balanced,Is balanced,Need a big buff,Need a buff,Is balanced,Is balanced,Need a big buff,Need a buff,Is balanced,Need a buff,Is balanced,Need a buff,Is balanced,Is balanced,Is balanced,Is balanced,Need a big buff,"We really need long ranged weapon for meta, not only shotgun+rocket everytime... because the gameplay is getting numb if you are using the same weapon on everygame and everyday. Cheers!"
26/11/2022 13:02:12,JhonnyLaw,Need a buff,Need a buff,Need a buff,Is balanced,Need a buff,Need a buff,Is balanced,Is balanced,Is balanced,Is balanced,Is balanced,Is balanced,Is balanced,Is balanced,Is balanced,Is balanced,Need a buff,Need a buff,Need a buff,Is balanced,Need a buff,Need a buff,Is balanced,Is balanced,Is balanced,Need a buff,Is balanced,Is balanced,Need a buff,Is balanced,Is balanced,Is balanced,Need a big nerf,Need a big nerf,Need a big nerf,Need a big nerf,Need a big nerf,Need a big nerf,Need a big nerf,Need a big nerf,Need a buff,Need a buff,Need a buff,Need a buff,Need a buff,Is balanced,Is balanced,Is balanced,Is balanced,Is balanced,Is balanced,Is balanced,Need a buff,Is balanced,Is balanced,Is balanced,Is balanced,Is balanced,Is balanced,Is balanced,Need a buff,Is balanced,Is balanced,Is balanced,Need a nerf,Is balanced,Need a nerf,Is balanced,Is balanced,Is balanced,Is balanced,Is balanced,Need a buff,Need a buff,Need a buff,Is balanced,Need a buff,Is balanced,Is balanced,Is balanced,Need a buff,Need a buff,Need a buff,Need a buff,Need a buff,Need a buff,Need a buff,Need a buff,
26/11/2022 13:06:40,,Is balanced,Is balanced,Is balanced,Is balanced,Is balanced,Is balanced,Is balanced,Is balanced,Need a nerf,Need a buff,Is balanced,Is balanced,Is balanced,Is balanced,Is balanced,Is balanced,Need a buff,Need a buff,Is balanced,Need a buff,Is balanced,Is balanced,Is balanced,Is balanced,Is balanced,Is balanced,Is balanced,Is balanced,Is balanced,Is balanced,Is balanced,Is balanced,Is balanced,Is balanced,Is balanced,Is balanced,Is balanced,Is balanced,Is balanced,Is balanced,Is balanced,Is balanced,Is balanced,Is balanced,Is balanced,Is balanced,Is balanced,Is balanced,Is balanced,Is balanced,Is balanced,Is balanced,Is balanced,Is balanced,Need a big buff,Is balanced,Is balanced,Is balanced,Is balanced,Is balanced,Is balanced,Is balanced,Is balanced,Is balanced,Need a big nerf,Need a big nerf,Need a big nerf,Need a big nerf,Need a big nerf,Need a big nerf,Need a big nerf,Need a big nerf,Is balanced,Is balanced,Is balanced,Is balanced,Is balanced,Is balanced,Is balanced,Is balanced,Is balanced,Is balanced,Is balanced,Is balanced,Is balanced,Is balanced,Is balanced,Is balanced,
26/11/2022 13:07:49,Chinaski,Is balanced,Need a buff,Need a buff,Need a buff,Is balanced,Is balanced,Is balanced,Is balanced,Is balanced,Is balanced,Is balanced,Is balanced,Need a nerf,No opinion,Is balanced,Is balanced,Is balanced,Is balanced,Is balanced,Is balanced,Is balanced,Is balanced,Is balanced,Is balanced,Need a buff,Is balanced,Is balanced,Need a nerf,Is balanced,Need a nerf,Need a buff,Is balanced,Need a nerf,No opinion,Need a nerf,No opinion,No opinion,No opinion,No opinion,No opinion,Is balanced,Is balanced,Is balanced,Is balanced,Is balanced,Is balanced,Is balanced,Is balanced,Need a nerf,Need a nerf,Is balanced,No opinion,Need a nerf,No opinion,Is balanced,Is balanced,Need a nerf,Is balanced,Is balanced,Is balanced,Need a nerf,Is balanced,Need a nerf,Is balanced,Need a nerf,Is balanced,Is balanced,Is balanced,Is balanced,Is balanced,Need a nerf,Is balanced,Is balanced,Is balanced,Need a buff,Is balanced,Is balanced,Is balanced,Is balanced,Is balanced,Need a buff,Need a buff,Need a buff,Is balanced,Is balanced,Is balanced,Is balanced,Is balanced,
26/11/2022 13:08:43,Lelea,Need a nerf,Need a big nerf,Need a big nerf,Need a nerf,Need a big nerf,Need a nerf,Need a big nerf,Need a big nerf,Need a big nerf,Need a nerf,Need a big nerf,Need a big nerf,Need a big nerf,Need a big nerf,Need a big nerf,Need a nerf,Need a big nerf,Need a nerf,Need a big nerf,Need a big nerf,Need a nerf,Need a big nerf,Need a big nerf,Need a big nerf,Need a big nerf,Need a nerf,Need a big nerf,Need a nerf,Need a nerf,Need a big nerf,Need a nerf,Need a big nerf,Is balanced,Is balanced,Is balanced,Is balanced,Is balanced,Is balanced,Is balanced,Is balanced,Need a big nerf,Need a big nerf,Need a big nerf,Need a big nerf,Need a big nerf,Need a big nerf,Need a big nerf,Need a big nerf,Is balanced,Is balanced,Is balanced,Is balanced,Is balanced,Is balanced,Is balanced,Is balanced,Is balanced,Is balanced,Is balanced,Is balanced,Is balanced,Is balanced,Is balanced,Is balanced,Need a big nerf,Need a big nerf,Need a big nerf,Need a big nerf,Need a big nerf,Need a big nerf,Need a big nerf,Need a big nerf,Need a big nerf,Need a big nerf,Need a big nerf,Need a big nerf,Need a big nerf,Need a big nerf,Need a big nerf,Need a big nerf,Is balanced,Is balanced,Is balanced,Is balanced,Is balanced,Is balanced,Is balanced,Is balanced,
26/11/2022 13:09:49,MantorMBU,Need a big buff,Need a big buff,Is balanced,Need a buff,Need a buff,Is balanced,Is balanced,Is balanced,No opinion,No opinion,No opinion,No opinion,No opinion,No opinion,No opinion,No opinion,Need a big buff,Need a big buff,Need a big buff,Need a big buff,Need a buff,Need a buff,Is balanced,Need a buff,Is balanced,Is balanced,Is balanced,Need a buff,Is balanced,Is balanced,Is balanced,Is balanced,Need a nerf,Is balanced,Need a nerf,Is balanced,Is balanced,Is balanced,Is balanced,Is balanced,Need a buff,Need a buff,Need a buff,Is balanced,Is balanced,Is balanced,Is balanced,Is balanced,Is balanced,Is balanced,Is balanced,Is balanced,Need a buff,Is balanced,Is balanced,Is balanced,Need a nerf,Need a nerf,Need a nerf,Need a nerf,Is balanced,Is balanced,Need a nerf,Is balanced,Is balanced,Is balanced,Is balanced,Is balanced,Is balanced,Is balanced,Is balanced,Is balanced,Is balanced,Is balanced,Is balanced,Is balanced,Is balanced,Is balanced,Is balanced,Is balanced,No opinion,No opinion,No opinion,No opinion,No opinion,No opinion,No opinion,No opinion,Great game
26/11/2022 13:10:20,Offheadharry,Is balanced,Need a buff,Is balanced,Is balanced,Is balanced,Is balanced,Is balanced,Is balanced,Is balanced,Is balanced,Is balanced,Is balanced,Is balanced,Is balanced,Is balanced,Is balanced,Need a buff,Is balanced,Is balanced,Need a buff,Is balanced,Is balanced,Is balanced,Need a buff,Is balanced,Is balanced,Is balanced,Is balanced,Is balanced,Is balanced,Is balanced,Is balanced,Need a nerf,Is balanced,Is balanced,Need a buff,Is balanced,Is balanced,Is balanced,Is balanced,Is balanced,Need a buff,Is balanced,Is balanced,Is balanced,Is balanced,Is balanced,Is balanced,Need a nerf,Is balanced,Is balanced,Is balanced,Is balanced,Is balanced,Is balanced,Is balanced,Is balanced,Is balanced,Is balanced,Is balanced,Is balanced,Is balanced,Is balanced,Is balanced,Is balanced,Is balanced,Is balanced,Is balanced,Is balanced,Is balanced,Is balanced,Is balanced,Is balanced,Need a buff,Need a buff,Is balanced,Is balanced,Is balanced,Is balanced,Is balanced,Is balanced,Is balanced,Is balanced,Is balanced,Is balanced,Is balanced,Is balanced,Is balanced,Knockback from explosive weapons and melee is a killer in this game. Especially in melee as you get stuck. Maybe consider allowing people to escape melee 
26/11/2022 13:10:25,,Need a big buff,Need a big buff,No opinion,Need a big buff,Need a big buff,Need a big buff,No opinion,Need a big buff,Need a big buff,Need a big buff,Need a big buff,No opinion,No opinion,Need a big buff,Need a big buff,Need a big buff,Need a buff,Need a big buff,Need a big buff,Need a big buff,Need a buff,No opinion,Need a buff,Need a buff,Need a big buff,Need a big buff,Need a big buff,Need a big buff,Need a big buff,Need a big buff,Need a big buff,Need a big buff,Is balanced,Is balanced,Is balanced,Is balanced,Is balanced,Is balanced,Is balanced,Is balanced,Need a big buff,Need a big buff,Need a big buff,Need a big buff,Need a big buff,Need a big buff,Need a big buff,Need a big buff,Is balanced,Is balanced,Is balanced,Is balanced,Is balanced,Is balanced,Is balanced,Is balanced,Is balanced,Need a big buff,Need a big buff,Is balanced,Need a buff,Is balanced,Need a buff,Need a buff,Need a big nerf,Need a buff,Is balanced,Need a nerf,Need a nerf,Need a nerf,Is balanced,Need a nerf,Need a nerf,Need a nerf,Need a big nerf,Need a big nerf,Need a big nerf,Need a big nerf,Need a big nerf,Need a big nerf,Need a big buff,Need a big buff,Need a big buff,Need a big buff,Need a big buff,Need a big buff,Need a big buff,Need a big buff,Do some improvements on spread gun it's like useless and also it's a last gun for no reason. Nerf shotgun reload speed. Add some range on smg and hmg and add also some accuracy to it to be playable. Also please seperate PC players from mobile it's unfair to mobile players to be against PC players because of their difference in controls. Add some range on flamethrower so that it can't be outmatched by shotgun. 
26/11/2022 13:12:20,Kassy,No opinion,No opinion,No opinion,No opinion,No opinion,No opinion,No opinion,No opinion,Is balanced,Is balanced,Is balanced,Is balanced,Is balanced,Is balanced,Is balanced,Is balanced,Need a big nerf,Need a big nerf,Need a big nerf,Need a big nerf,Need a big nerf,Need a big nerf,Need a big nerf,Need a big nerf,Is balanced,Is balanced,Is balanced,Is balanced,Is balanced,Is balanced,Is balanced,Is balanced,Is balanced,Is balanced,Is balanced,Is balanced,Is balanced,Is balanced,Is balanced,Is balanced,Is balanced,Is balanced,Is balanced,Is balanced,Is balanced,Is balanced,Is balanced,Is balanced,Need a big nerf,Need a big nerf,Need a big nerf,Need a big nerf,Need a big nerf,Need a big nerf,Need a big nerf,Need a big nerf,Need a nerf,Need a nerf,Need a nerf,Need a nerf,Need a nerf,Need a nerf,Need a nerf,Need a nerf,Need a big nerf,Need a big nerf,Need a big nerf,Need a big nerf,Need a big nerf,Need a big nerf,Need a big nerf,Need a big nerf,Need a big buff,Need a big buff,Need a big buff,Need a big buff,Need a big buff,Need a big buff,Need a big buff,Need a big buff,Is balanced,Is balanced,Is balanced,Is balanced,Is balanced,Is balanced,Is balanced,Is balanced,
26/11/2022 13:12:29,magicrypto,Is balanced,Need a big buff,Need a big nerf,No opinion,No opinion,No opinion,No opinion,No opinion,Need a nerf,Is balanced,No opinion,No opinion,No opinion,No opinion,No opinion,No opinion,Is balanced,No opinion,No opinion,No opinion,No opinion,No opinion,No opinion,No opinion,Is balanced,Is balanced,Is balanced,Is balanced,Is balanced,Is balanced,Is balanced,Is balanced,Need a nerf,Is balanced,Is balanced,Is balanced,Is balanced,Is balanced,Is balanced,Is balanced,Is balanced,Need a big buff,Is balanced,Is balanced,Is balanced,Is balanced,Is balanced,Is balanced,Need a nerf,Is balanced,Is balanced,Is balanced,Is balanced,Is balanced,Is balanced,Is balanced,Is balanced,Is balanced,Is balanced,Is balanced,Is balanced,Is balanced,Is balanced,Is balanced,Need a nerf,Is balanced,Is balanced,Is balanced,Is balanced,Is balanced,Is balanced,Is balanced,Is balanced,Is balanced,Is balanced,Is balanced,Is balanced,Is balanced,Is balanced,Is balanced,Need a nerf,Need a nerf,Is balanced,Is balanced,Is balanced,Is balanced,Is balanced,Is balanced,Thanks you for your work. GG 
26/11/2022 13:12:46,Skayz,Is balanced,Is balanced,Is balanced,Is balanced,Need a buff,No opinion,No opinion,Need a buff,Need a nerf,Is balanced,Is balanced,Is balanced,Is balanced,Is balanced,Is balanced,Is balanced,Need a nerf,Need a nerf,Need a nerf,No opinion,Is balanced,Need a big nerf,Is balanced,Is balanced,Need a buff,Is balanced,Is balanced,Is balanced,Is balanced,Is balanced,Is balanced,Is balanced,Is balanced,Is balanced,Is balanced,Is balanced,Is balanced,Need a big nerf,Is balanced,Is balanced,Is balanced,Is balanced,Is balanced,Is balanced,Is balanced,Is balanced,Is balanced,Is balanced,Is balanced,Is balanced,Is balanced,Is balanced,Is balanced,Need a nerf,No opinion,Is balanced,Is balanced,Is balanced,Is balanced,Is balanced,Is balanced,Is balanced,Is balanced,Is balanced,Need a nerf,Need a buff,Is balanced,Is balanced,Is balanced,Is balanced,Is balanced,Is balanced,Need a buff,Need a buff,Is balanced,Is balanced,Is balanced,Is balanced,Is balanced,Is balanced,Is balanced,Is balanced,Is balanced,Is balanced,Is balanced,Is balanced,Is balanced,Need a buff,
26/11/2022 13:13:01,,Need a nerf,Is balanced,Is balanced,Is balanced,Is balanced,Is balanced,Is balanced,Is balanced,Need a nerf,Need a nerf,Need a nerf,Need a nerf,Need a nerf,Need a nerf,Need a nerf,Need a nerf,Need a big buff,Need a big buff,Need a big buff,Need a big buff,Need a big buff,Need a big buff,Need a big buff,Need a big buff,Need a buff,Need a buff,Need a buff,Need a buff,Need a buff,Need a buff,Need a buff,Need a buff,Need a big nerf,Need a big nerf,Need a big nerf,Need a big nerf,Need a big nerf,Need a big nerf,Need a big nerf,Need a big nerf,Need a nerf,Is balanced,Need a nerf,Is balanced,Need a nerf,Is balanced,Need a nerf,Need a nerf,Is balanced,Is balanced,Is balanced,Is balanced,Is balanced,Is balanced,Is balanced,Is balanced,Need a buff,Need a buff,Is balanced,Is balanced,Is balanced,Is balanced,Is balanced,Is balanced,Need a big nerf,Need a big nerf,Need a big nerf,Need a big nerf,Need a big nerf,Need a big nerf,Need a big nerf,Need a big nerf,Need a buff,Need a buff,Is balanced,Is balanced,Is balanced,Is balanced,Is balanced,Is balanced,Need a big nerf,Need a big nerf,Need a big nerf,Need a big nerf,Need a big nerf,Need a big nerf,Need a big nerf,Need a big nerf,BIG BUFF for grenade launcher to became funny this game. Thanks 
26/11/2022 13:13:56,AlexHool,No opinion,No opinion,No opinion,No opinion,No opinion,No opinion,No opinion,No opinion,Is balanced,Is balanced,Need a buff,Is balanced,Is balanced,Is balanced,Need a buff,Is balanced,Need a buff,Is balanced,Is balanced,Is balanced,Is balanced,Is balanced,Is balanced,Is balanced,Need a buff,Need a buff,Is balanced,Is balanced,Is balanced,Is balanced,Is balanced,Is balanced,Is balanced,Is balanced,Is balanced,Is balanced,Is balanced,Is balanced,Is balanced,Is balanced,Need a buff,Need a big buff,Is balanced,Is balanced,Is balanced,Need a buff,Is balanced,Is balanced,Is balanced,Is balanced,Is balanced,Is balanced,Is balanced,Is balanced,Is balanced,Is balanced,Is balanced,Is balanced,Is balanced,Is balanced,Is balanced,Is balanced,Is balanced,Is balanced,Is balanced,Need a buff,Is balanced,Is balanced,Is balanced,Is balanced,Is balanced,Is balanced,Need a buff,No opinion,No opinion,No opinion,No opinion,No opinion,No opinion,No opinion,Need a big buff,Is balanced,Is balanced,Is balanced,Is balanced,Is balanced,Is balanced,Is balanced,"In my opinion shout-gun is balanced, because you need to be very close to enemy player to hit, and in the most of case you need to hit 2 times for kill.So the shot gun its based on skill, and is ok how is it right now."
26/11/2022 13:15:49,,Is balanced,Need a big buff,Is balanced,Need a buff,Need a buff,Is balanced,Is balanced,Is balanced,Need a big nerf,Is balanced,Is balanced,Is balanced,Is balanced,Is balanced,Is balanced,Is balanced,No opinion,No opinion,No opinion,No opinion,No opinion,No opinion,No opinion,No opinion,No opinion,No opinion,No opinion,No opinion,No opinion,No opinion,No opinion,No opinion,Need a nerf,Need a nerf,Need a nerf,Need a nerf,No opinion,No opinion,No opinion,No opinion,Need a nerf,Need a nerf,No opinion,No opinion,No opinion,No opinion,No opinion,No opinion,Need a nerf,Need a nerf,No opinion,No opinion,No opinion,No opinion,No opinion,No opinion,Need a big nerf,No opinion,Need a big nerf,No opinion,No opinion,No opinion,No opinion,No opinion,Is balanced,Need a buff,Need a buff,Need a big buff,Need a buff,Is balanced,No opinion,Need a buff,Is balanced,Is balanced,Is balanced,Is balanced,Is balanced,Is balanced,Is balanced,Is balanced,No opinion,No opinion,No opinion,No opinion,No opinion,No opinion,No opinion,No opinion,
26/11/2022 13:16:00,AstroCrypto,Need a buff,Need a buff,Is balanced,Need a buff,Is balanced,Is balanced,Is balanced,Is balanced,Is balanced,Is balanced,Is balanced,Is balanced,Is balanced,Is balanced,Is balanced,Is balanced,Is balanced,Is balanced,Is balanced,Need a nerf,Is balanced,Is balanced,Need a nerf,Is balanced,Is balanced,Is balanced,Is balanced,Is balanced,Is balanced,Is balanced,Is balanced,Is balanced,Is balanced,Is balanced,Is balanced,Need a big nerf,Is balanced,Is balanced,Is balanced,Is balanced,Is balanced,Is balanced,Is balanced,Is balanced,Is balanced,Is balanced,Is balanced,Is balanced,Is balanced,Need a buff,Is balanced,Is balanced,Is balanced,Is balanced,Is balanced,Is balanced,Is balanced,Is balanced,Is balanced,Is balanced,Is balanced,Is balanced,Is balanced,Is balanced,Need a nerf,Need a nerf,Is balanced,Is balanced,Is balanced,Is balanced,Is balanced,Is balanced,Is balanced,Is balanced,Is balanced,Is balanced,Is balanced,Is balanced,Is balanced,Is balanced,Need a buff,Need a buff,Need a buff,Need a buff,Need a buff,Need a buff,Is balanced,Is balanced,
26/11/2022 13:16:23,xGUL,No opinion,No opinion,No opinion,No opinion,No opinion,No opinion,No opinion,No opinion,No opinion,No opinion,No opinion,No opinion,No opinion,No opinion,No opinion,No opinion,Is balanced,Is balanced,Is balanced,Is balanced,Is balanced,Is balanced,Is balanced,Is balanced,Need a buff,Is balanced,Is balanced,Is balanced,Is balanced,Is balanced,Is balanced,Is balanced,Need a big nerf,Need a nerf,Need a nerf,Need a nerf,Is balanced,Is balanced,Is balanced,Is balanced,No opinion,No opinion,No opinion,No opinion,No opinion,No opinion,No opinion,No opinion,Need a big nerf,Need a big nerf,Need a nerf,Need a buff,Need a buff,Is balanced,Is balanced,Need a big nerf,Need a nerf,Need a nerf,Is balanced,Need a nerf,No opinion,Is balanced,Need a nerf,Is balanced,Need a nerf,Need a nerf,Is balanced,Need a buff,Need a buff,Is balanced,Is balanced,Need a nerf,Need a buff,Need a buff,Is balanced,Is balanced,Is balanced,Is balanced,Need a buff,Need a buff,Is balanced,Need a buff,Is balanced,Need a buff,Is balanced,Is balanced,Need a buff,Need a buff,The game in general is great but AFK need to be punished because it makes all the experience a nightmare. Thanks
26/11/2022 13:16:54,Orian007Clover,Need a buff,Is balanced,Need a buff,Need a buff,Is balanced,Is balanced,Is balanced,Need a buff,Is balanced,Is balanced,Is balanced,Is balanced,Is balanced,Is balanced,Is balanced,Is balanced,Is balanced,Is balanced,Is balanced,Is balanced,Is balanced,Is balanced,Is balanced,Is balanced,Need a buff,Is balanced,Is balanced,Is balanced,Is balanced,Is balanced,Need a buff,Is balanced,Is balanced,Is balanced,Is balanced,Is balanced,Is balanced,Is balanced,Is balanced,Is balanced,Need a buff,Is balanced,Is balanced,Is balanced,Need a buff,Is balanced,Is balanced,Is balanced,Is balanced,Need a buff,Is balanced,Is balanced,Is balanced,Is balanced,Is balanced,Is balanced,Is balanced,Is balanced,Is balanced,Is balanced,Is balanced,Is balanced,Is balanced,Is balanced,Is balanced,Is balanced,Is balanced,Is balanced,Is balanced,Is balanced,Is balanced,Is balanced,Need a buff,Is balanced,Is balanced,Is balanced,Is balanced,Is balanced,Need a buff,Is balanced,Need a buff,Is balanced,Is balanced,Is balanced,Need a buff,Is balanced,Need a buff,Is balanced,This game is amazing!!! Great work!!!
26/11/2022 13:18:28,Jonas ,Is balanced,Is balanced,Is balanced,Is balanced,Is balanced,Is balanced,Is balanced,Is balanced,Is balanced,Is balanced,Need a nerf,Need a nerf,Is balanced,Is balanced,Need a nerf,Is balanced,Need a nerf,Is balanced,Need a nerf,Need a nerf,Is balanced,Need a nerf,Is balanced,Need a nerf,Is balanced,Need a buff,Need a buff,Is balanced,Is balanced,Is balanced,Is balanced,Is balanced,Need a nerf,Need a nerf,Need a nerf,Need a nerf,Need a nerf,Need a nerf,Need a nerf,Need a nerf,Is balanced,Is balanced,Is balanced,Is balanced,Is balanced,Is balanced,Is balanced,Is balanced,Need a nerf,Need a nerf,Need a nerf,Need a nerf,Is balanced,Is balanced,Is balanced,Need a nerf,Need a nerf,Need a nerf,Need a nerf,Need a nerf,Need a nerf,Need a nerf,Need a nerf,Need a nerf,Need a nerf,Is balanced,Is balanced,Is balanced,Is balanced,Is balanced,Is balanced,Is balanced,Need a buff,Need a buff,Is balanced,Is balanced,Is balanced,Is balanced,Is balanced,Is balanced,Need a nerf,Need a nerf,Is balanced,Is balanced,Is balanced,Is balanced,Is balanced,Is balanced,"The jumó after getting cut and hit by explosive is also sth that could be upgrade imo ! Even if the guns arent balanced, the fact to be bump after beeing hitting make it impossible to do sth! Don’t have any problems that some find are better, but have one when it comes that we You’re hit you’re 100% dead cause of the bump"
26/11/2022 13:19:02,JulianLeFifou ,Is balanced,Need a buff,Is balanced,Is balanced,Is balanced,Is balanced,Is balanced,Is balanced,Is balanced,Is balanced,Is balanced,Is balanced,Is balanced,Is balanced,Is balanced,Is balanced,Need a nerf,Is balanced,Is balanced,Is balanced,Is balanced,Is balanced,Is balanced,Is balanced,Need a buff,Need a buff,Is balanced,Is balanced,Need a nerf,Is balanced,Is balanced,Is balanced,Need a big nerf,Is balanced,Is balanced,Is balanced,Is balanced,Is balanced,Is balanced,Is balanced,Is balanced,Need a buff,Is balanced,Is balanced,Is balanced,Is balanced,Is balanced,Is balanced,Need a nerf,Is balanced,Is balanced,Is balanced,Is balanced,Is balanced,Is balanced,Is balanced,Need a nerf,Need a nerf,Is balanced,Is balanced,Is balanced,Is balanced,Is balanced,Is balanced,Need a big nerf,Is balanced,Is balanced,Is balanced,Is balanced,Is balanced,Is balanced,Is balanced,Need a buff,Need a buff,Is balanced,Is balanced,Is balanced,Is balanced,Is balanced,Is balanced,Is balanced,Is balanced,Is balanced,Is balanced,Is balanced,Is balanced,Is balanced,Is balanced,Impressed by the quality of game ! Keep up the good work ! 
26/11/2022 13:21:13,WCXsmallbutton,Is balanced,Need a big buff,Is balanced,Is balanced,Is balanced,Is balanced,Is balanced,Is balanced,Is balanced,Need a buff,Is balanced,Is balanced,Is balanced,Is balanced,Is balanced,Is balanced,Need a big buff,Need a big buff,Need a buff,Need a big buff,Need a big buff,Need a buff,Is balanced,Is balanced,Is balanced,Need a buff,Need a buff,Is balanced,Is balanced,Is balanced,Is balanced,Is balanced,Need a nerf,Need a big buff,Need a big nerf,Need a buff,Is balanced,Is balanced,Is balanced,Is balanced,Need a buff,Need a big buff,Need a big buff,Need a buff,Is balanced,Need a big buff,Is balanced,Need a buff,Need a nerf,Need a nerf,Is balanced,Is balanced,Is balanced,Is balanced,Is balanced,Is balanced,Need a buff,Need a buff,Is balanced,Is balanced,Is balanced,Is balanced,Is balanced,Is balanced,Is balanced,Is balanced,Is balanced,Is balanced,Is balanced,Need a buff,Is balanced,Is balanced,No opinion,No opinion,No opinion,No opinion,No opinion,No opinion,No opinion,No opinion,Need a big buff,Need a big buff,Need a big buff,Need a buff,Is balanced,Is balanced,Is balanced,Is balanced,
26/11/2022 13:22:06,Crapsfazer,Is balanced,Need a buff,Is balanced,Is balanced,Is balanced,Is balanced,Is balanced,Need a buff,Is balanced,Is balanced,Is balanced,Is balanced,Is balanced,Is balanced,Is balanced,Is balanced,Is balanced,Is balanced,Is balanced,Is balanced,Need a buff,Is balanced,Is balanced,Is balanced,Need a buff,Need a buff,Need a buff,Is balanced,Is balanced,Need a buff,Is balanced,Is balanced,Is balanced,Is balanced,Need a nerf,Is balanced,Need a nerf,Is balanced,Is balanced,Is balanced,No opinion,No opinion,No opinion,No opinion,No opinion,No opinion,No opinion,No opinion,Is balanced,Is balanced,Is balanced,Is balanced,Is balanced,Is balanced,Is balanced,Is balanced,Is balanced,Is balanced,Is balanced,Is balanced,Is balanced,Is balanced,Is balanced,Is balanced,Is balanced,Is balanced,Is balanced,Is balanced,Is balanced,Is balanced,Is balanced,Is balanced,Need a buff,Is balanced,Need a buff,Is balanced,Is balanced,Need a buff,Is balanced,Is balanced,No opinion,No opinion,No opinion,No opinion,No opinion,No opinion,No opinion,No opinion,The suicide with explosives should give à penalty
26/11/2022 13:23:31,Goggins,Is balanced,Is balanced,Is balanced,Is balanced,Is balanced,Is balanced,Is balanced,Is balanced,Need a big buff,Need a buff,Need a buff,Is balanced,Is balanced,Is balanced,Need a big buff,Is balanced,Is balanced,Is balanced,Is balanced,Is balanced,Is balanced,Is balanced,Is balanced,Is balanced,Is balanced,Is balanced,Is balanced,Is balanced,Is balanced,Is balanced,Is balanced,Is balanced,Need a nerf,Need a nerf,Need a big nerf,Is balanced,Need a big nerf,Is balanced,Is balanced,Is balanced,Need a big buff,Need a big buff,Need a big buff,Need a big buff,Need a big buff,Need a big buff,Need a big buff,Need a big buff,Need a nerf,Need a big nerf,Need a big nerf,Need a big nerf,Need a big nerf,Need a big nerf,Need a big nerf,Need a big nerf,Need a nerf,Need a nerf,Need a nerf,Need a nerf,Need a nerf,Need a nerf,Need a nerf,Need a nerf,Need a nerf,Need a nerf,Need a nerf,Need a nerf,Need a nerf,Need a nerf,Need a nerf,Need a nerf,Is balanced,Is balanced,Is balanced,Is balanced,Is balanced,Is balanced,Is balanced,Is balanced,Need a buff,Need a buff,Need a buff,Need a buff,Need a buff,Need a buff,Need a buff,Need a buff,
26/11/2022 13:23:42,,Is balanced,Need a buff,Is balanced,Is balanced,Is balanced,Is balanced,Is balanced,Is balanced,Is balanced,Is balanced,Is balanced,Need a nerf,Is balanced,Is balanced,Is balanced,Is balanced,Is balanced,Is balanced,Is balanced,Is balanced,Is balanced,Is balanced,Is balanced,Is balanced,Is balanced,Is balanced,Is balanced,Is balanced,Is balanced,Is balanced,Is balanced,Is balanced,Need a nerf,Is balanced,Need a nerf,Is balanced,Is balanced,Is balanced,Is balanced,Is balanced,Is balanced,Need a buff,Is balanced,Is balanced,Is balanced,Is balanced,Is balanced,Is balanced,Need a nerf,Is balanced,Is balanced,Is balanced,Is balanced,Is balanced,Is balanced,Is balanced,Need a nerf,Is balanced,Is balanced,Need a nerf,Is balanced,Is balanced,Is balanced,Is balanced,Need a nerf,Is balanced,Is balanced,Is balanced,Is balanced,Is balanced,Is balanced,Is balanced,Is balanced,Is balanced,Is balanced,Is balanced,Is balanced,Is balanced,Is balanced,Is balanced,Is balanced,Is balanced,Is balanced,Need a buff,Is balanced,Is balanced,Is balanced,Is balanced,
26/11/2022 13:24:04,RazvWCX,Need a buff,Need a big buff,Need a buff,Need a buff,Is balanced,Is balanced,Need a buff,Need a buff,Need a buff,Need a buff,Need a big buff,Is balanced,Is balanced,Is balanced,Is balanced,Is balanced,Need a buff,Need a buff,Is balanced,Need a buff,Is balanced,Is balanced,Is balanced,Need a buff,Need a nerf,Need a nerf,Need a nerf,Is balanced,Is balanced,Is balanced,Is balanced,Need a nerf,Need a nerf,Need a nerf,Need a big nerf,Need a big nerf,Is balanced,Is balanced,Is balanced,Need a nerf,Is balanced,Need a buff,Is balanced,Is balanced,Is balanced,Is balanced,Is balanced,Need a buff,Need a nerf,Is balanced,Need a nerf,Is balanced,Is balanced,Is balanced,Is balanced,Need a nerf,Need a buff,Need a buff,Need a buff,Is balanced,Is balanced,Is balanced,Is balanced,Need a buff,Need a big nerf,Need a nerf,Need a big nerf,Is balanced,Is balanced,Is balanced,Is balanced,Need a nerf,Is balanced,Need a nerf,Need a nerf,Is balanced,Is balanced,Is balanced,Is balanced,Need a nerf,Need a buff,Need a buff,Need a buff,Is balanced,Is balanced,Is balanced,Is balanced,Need a buff,Knife should act like a knife not a longsword #thatrangebruh  xD
26/11/2022 13:25:07,Daniel282,Is balanced,Need a buff,Need a buff,Is balanced,Is balanced,Is balanced,Is balanced,Is balanced,Need a big buff,Is balanced,Need a buff,Is balanced,Is balanced,Is balanced,Is balanced,Is balanced,Need a buff,Is balanced,Is balanced,Need a buff,Need a buff,No opinion,Is balanced,Is balanced,Need a buff,Need a buff,Is balanced,Is balanced,Is balanced,Is balanced,Is balanced,Need a buff,Is balanced,Is balanced,Is balanced,Is balanced,Is balanced,Is balanced,Is balanced,Is balanced,Need a big buff,Is balanced,Is balanced,Is balanced,Is balanced,Is balanced,Is balanced,Need a buff,Need a buff,Is balanced,Is balanced,Is balanced,Is balanced,Is balanced,Is balanced,Is balanced,Need a big buff,Is balanced,Is balanced,Is balanced,Is balanced,Is balanced,Is balanced,Is balanced,Need a nerf,Is balanced,Is balanced,Is balanced,Is balanced,Is balanced,Is balanced,Is balanced,Need a big buff,Is balanced,Is balanced,Is balanced,Is balanced,Is balanced,Is balanced,Is balanced,Need a big buff,Is balanced,Need a buff,Is balanced,Need a buff,Is balanced,Is balanced,Need a buff,
26/11/2022 13:27:17,andrewsshadow,Need a buff,Need a buff,Is balanced,Is balanced,Need a buff,Need a buff,Is balanced,Is balanced,Is balanced,Is balanced,Need a nerf,Is balanced,Need a nerf,Is balanced,Need a nerf,Is balanced,Need a big buff,Need a buff,Is balanced,Is balanced,Need a nerf,Is balanced,Is balanced,Is balanced,Need a buff,Need a buff,Is balanced,Is balanced,Need a buff,Need a buff,Is balanced,Is balanced,Need a nerf,Need a nerf,Need a nerf,Need a nerf,Need a nerf,Need a nerf,Need a nerf,Need a nerf,Need a buff,Need a buff,Is balanced,Is balanced,Is balanced,Need a buff,Is balanced,Is balanced,Need a nerf,Need a nerf,Need a nerf,Is balanced,Is balanced,Is balanced,Is balanced,Need a nerf,Is balanced,Is balanced,Need a nerf,Need a nerf,Need a nerf,Is balanced,Is balanced,Is balanced,Need a nerf,Need a nerf,Need a nerf,Need a nerf,Need a nerf,Need a nerf,Is balanced,Need a nerf,Need a buff,Need a buff,Is balanced,Is balanced,Need a buff,Need a buff,Is balanced,Is balanced,No opinion,No opinion,No opinion,No opinion,No opinion,No opinion,No opinion,No opinion,"Thanks for asking the community, I hope you will ask us for other things as well in the future!"
26/11/2022 13:27:19,LeMaLe34,Need a big buff,Need a big buff,Is balanced,Is balanced,Need a buff,Is balanced,Need a buff,Need a buff,Need a buff,Need a big buff,Is balanced,Is balanced,Need a buff,Is balanced,Is balanced,Need a buff,Is balanced,Need a buff,Is balanced,Is balanced,Is balanced,Is balanced,Is balanced,Is balanced,Need a buff,Need a buff,Is balanced,Is balanced,Is balanced,Is balanced,Is balanced,Is balanced,Is balanced,Is balanced,Need a big nerf,Is balanced,Is balanced,Is balanced,Is balanced,Is balanced,Need a big buff,Need a big buff,Is balanced,Is balanced,Is balanced,Is balanced,Need a buff,Is balanced,Need a nerf,Is balanced,Is balanced,Is balanced,Is balanced,Is balanced,Is balanced,Is balanced,Is balanced,Need a buff,Is balanced,Is balanced,Is balanced,Is balanced,Is balanced,Is balanced,Need a nerf,Is balanced,Is balanced,Is balanced,Is balanced,Is balanced,Is balanced,Is balanced,Need a big buff,Need a buff,Is balanced,Is balanced,Is balanced,Is balanced,Is balanced,Is balanced,Need a big buff,Need a big buff,Need a buff,Need a big buff,Is balanced,Is balanced,Is balanced,Is balanced,"problem with afk ^^' , thanks for this game <3 full support with us <3"
26/11/2022 13:27:29,alexx,Need a big buff,Need a buff,Need a buff,Is balanced,Is balanced,Is balanced,Is balanced,Is balanced,Is balanced,Is balanced,Is balanced,Is balanced,Is balanced,Is balanced,Is balanced,Is balanced,Need a nerf,Need a nerf,Need a nerf,Need a nerf,Need a nerf,Need a nerf,Need a nerf,Need a nerf,Need a big buff,Need a big buff,Need a big buff,Need a big buff,Need a big buff,Need a big buff,Need a big buff,Need a big buff,Is balanced,Is balanced,Is balanced,Is balanced,Is balanced,Is balanced,Is balanced,Is balanced,Need a big buff,Need a big buff,Need a big buff,Need a big buff,Need a big buff,Need a big buff,Need a big buff,Need a big buff,Is balanced,Is balanced,Is balanced,Is balanced,Is balanced,Is balanced,Is balanced,Is balanced,Need a buff,Need a buff,Need a buff,Need a buff,Need a buff,Need a buff,Need a buff,Need a buff,Is balanced,Is balanced,Is balanced,Is balanced,Is balanced,Is balanced,Is balanced,Is balanced,Need a buff,Need a buff,Need a buff,Need a buff,Need a buff,Need a buff,Need a buff,Need a buff,Need a big buff,Need a big buff,Need a big buff,Need a big buff,Need a big buff,Need a big buff,Need a big buff,Need a big buff,
26/11/2022 13:32:30,,Need a buff,Need a buff,Is balanced,Is balanced,Is balanced,Is balanced,Is balanced,Is balanced,Need a buff,Need a buff,Need a buff,Is balanced,Is balanced,Is balanced,Is balanced,Is balanced,Need a big buff,Need a big buff,Need a big buff,Need a big buff,Need a big buff,Need a big buff,Need a big buff,Need a big buff,Need a buff,Need a buff,Need a big buff,Need a buff,Need a buff,Need a big buff,Need a buff,Need a buff,Need a big nerf,Need a big nerf,Need a big nerf,Need a big nerf,Need a big nerf,Need a big nerf,Need a big nerf,Need a big nerf,Is balanced,Is balanced,Is balanced,Is balanced,Is balanced,Is balanced,Is balanced,Is balanced,Is balanced,Is balanced,Is balanced,Is balanced,Is balanced,Is balanced,Is balanced,Is balanced,Is balanced,Is balanced,Is balanced,Is balanced,Is balanced,Is balanced,Need a buff,Is balanced,Need a big nerf,Need a big nerf,Need a big nerf,Need a big nerf,Need a big nerf,Need a big nerf,Need a big nerf,Need a big nerf,Is balanced,Is balanced,Need a buff,Need a buff,Need a buff,Is balanced,Is balanced,Is balanced,Need a big nerf,Need a big nerf,Need a big nerf,Need a big nerf,Need a big nerf,Need a big nerf,Need a big nerf,Need a big nerf,"Yes,BIG NERF for shotgun and BIG BUFF for grenade launcher "
26/11/2022 13:33:18,fleur,Is balanced,Need a big buff,Is balanced,Is balanced,Is balanced,No opinion,Is balanced,Need a buff,No opinion,No opinion,No opinion,No opinion,No opinion,No opinion,No opinion,No opinion,Is balanced,Is balanced,Is balanced,Is balanced,Is balanced,Is balanced,Is balanced,Is balanced,Is balanced,Need a buff,Need a buff,Is balanced,Is balanced,No opinion,Is balanced,Is balanced,Need a nerf,Is balanced,Need a nerf,Is balanced,Is balanced,Is balanced,Is balanced,Is balanced,No opinion,No opinion,No opinion,No opinion,No opinion,No opinion,No opinion,No opinion,Is balanced,Is balanced,Is balanced,Is balanced,Is balanced,Is balanced,Is balanced,Is balanced,Is balanced,Is balanced,Is balanced,Is balanced,Is balanced,Is balanced,Is balanced,Is balanced,Is balanced,Is balanced,Is balanced,Is balanced,Is balanced,Is balanced,Is balanced,Is balanced,Need a big buff,Need a buff,Need a buff,No opinion,Need a buff,Is balanced,Is balanced,Is balanced,Need a big buff,Need a big buff,Need a big buff,Need a big buff,Need a big buff,Need a big buff,Need a big buff,Need a big buff,the problem of AFK players !!! the game turns into an unbalanced race
26/11/2022 13:39:53,MikeX,Need a big buff,Need a buff,Need a buff,Need a buff,No opinion,No opinion,No opinion,No opinion,Need a buff,No opinion,Need a buff,No opinion,No opinion,No opinion,No opinion,No opinion,Is balanced,Is balanced,Is balanced,Is balanced,Is balanced,Is balanced,Is balanced,Is balanced,Need a buff,Need a buff,Is balanced,Is balanced,Is balanced,Is balanced,Is balanced,Is balanced,Is balanced,Is balanced,Is balanced,Is balanced,Is balanced,Is balanced,Is balanced,Is balanced,No opinion,No opinion,No opinion,No opinion,No opinion,No opinion,No opinion,No opinion,Is balanced,Is balanced,Is balanced,Is balanced,Is balanced,Is balanced,Is balanced,Is balanced,Need a buff,Need a buff,Need a buff,Is balanced,Need a buff,Is balanced,Is balanced,Is balanced,Need a big nerf,Need a nerf,Is balanced,Is balanced,Is balanced,Is balanced,Is balanced,Is balanced,Need a buff,Need a buff,Need a buff,Is balanced,Is balanced,Is balanced,Is balanced,Is balanced,Need a buff,Need a buff,Need a buff,Need a buff,Is balanced,Need a buff,Need a buff,Need a buff,"To many AFK bots, maybe good to give no rewards to 4th players"
26/11/2022 13:40:05,Rijin,Is balanced,Need a buff,Is balanced,Is balanced,Is balanced,Need a big buff,Is balanced,Is balanced,Is balanced,Is balanced,Need a buff,Is balanced,Is balanced,Is balanced,Is balanced,Is balanced,Is balanced,Is balanced,Is balanced,Is balanced,Is balanced,Is balanced,Is balanced,Is balanced,Is balanced,Is balanced,Is balanced,Is balanced,Is balanced,Is balanced,Is balanced,Is balanced,Is balanced,Is balanced,Need a nerf,Is balanced,Is balanced,Is balanced,Is balanced,Is balanced,Need a nerf,Need a buff,Is balanced,Is balanced,Is balanced,Need a buff,Need a buff,Is balanced,Is balanced,Is balanced,Is balanced,Is balanced,Is balanced,Is balanced,Is balanced,Is balanced,Is balanced,Is balanced,Is balanced,Is balanced,Is balanced,Is balanced,Is balanced,Is balanced,Is balanced,Need a buff,Is balanced,Is balanced,Is balanced,Is balanced,Is balanced,Is balanced,Is balanced,Is balanced,Need a buff,Is balanced,Is balanced,Need a buff,Is balanced,Is balanced,Need a buff,Need a buff,Is balanced,Need a buff,Need a buff,Is balanced,Need a buff,Need a buff,
26/11/2022 13:43:17,Martouf,No opinion,No opinion,No opinion,No opinion,No opinion,No opinion,No opinion,No opinion,Is balanced,Is balanced,Is balanced,Is balanced,Is balanced,Is balanced,Is balanced,Is balanced,Is balanced,Is balanced,Is balanced,Is balanced,Is balanced,Is balanced,Is balanced,Is balanced,Is balanced,Is balanced,Is balanced,Is balanced,Is balanced,Is balanced,Is balanced,Is balanced,Need a nerf,Need a nerf,Need a nerf,Need a nerf,Need a nerf,Need a nerf,Need a nerf,Need a nerf,Need a buff,Need a big buff,Need a buff,Need a buff,Need a buff,Need a buff,Is balanced,Need a buff,Need a nerf,Is balanced,Need a big nerf,Is balanced,Is balanced,Is balanced,Is balanced,Is balanced,Need a nerf,Need a nerf,Is balanced,Need a nerf,Is balanced,Need a nerf,Need a nerf,Is balanced,Is balanced,Is balanced,Need a buff,Is balanced,Is balanced,Is balanced,Is balanced,Is balanced,Need a nerf,Need a nerf,Need a nerf,Need a nerf,Need a nerf,Need a nerf,Need a nerf,Need a nerf,Need a buff,Need a buff,Need a buff,Need a buff,Need a buff,Need a buff,Need a buff,Need a buff,
26/11/2022 13:44:51,Deviant,No opinion,No opinion,No opinion,No opinion,No opinion,No opinion,No opinion,No opinion,Is balanced,Is balanced,Need a buff,Is balanced,Is balanced,Is balanced,Is balanced,Is balanced,Need a buff,Is balanced,Need a buff,Need a buff,Need a buff,Is balanced,Is balanced,Is balanced,Need a buff,Need a buff,Is balanced,Is balanced,Is balanced,Is balanced,Is balanced,Is balanced,Need a nerf,Is balanced,Is balanced,Is balanced,No opinion,Is balanced,No opinion,No opinion,Need a buff,Need a buff,Need a buff,Is balanced,Is balanced,Is balanced,Is balanced,Is balanced,Need a buff,Is balanced,Is balanced,Is balanced,Is balanced,Is balanced,Is balanced,Is balanced,Is balanced,Is balanced,Need a buff,Is balanced,Is balanced,Is balanced,Is balanced,Is balanced,Need a big nerf,Need a big nerf,Need a nerf,Need a nerf,Need a nerf,Is balanced,Is balanced,Is balanced,Need a buff,Need a buff,Need a buff,Need a buff,Is balanced,Is balanced,Is balanced,Is balanced,Is balanced,Is balanced,Need a buff,Is balanced,Is balanced,Is balanced,Is balanced,Is balanced,"Great game, just the aim assist is cheating. Rolling or dodging also prevents damage from rockets. "
26/11/2022 13:45:04,Cyberpanda ,Need a buff,Need a buff,Is balanced,Need a buff,Is balanced,Is balanced,Is balanced,Is balanced,Need a buff,Need a nerf,Is balanced,Is balanced,Need a nerf,Is balanced,Is balanced,Is balanced,Need a nerf,Is balanced,Need a nerf,Need a big buff,Need a nerf,Is balanced,Is balanced,Need a buff,Need a buff,Need a buff,Is balanced,Is balanced,Need a buff,Is balanced,Is balanced,Is balanced,Need a big nerf,Need a nerf,Need a nerf,Is balanced,Is balanced,Is balanced,Need a nerf,Need a buff,Need a buff,Need a big buff,Is balanced,Need a buff,Need a nerf,Is balanced,Is balanced,Need a buff,Is balanced,Is balanced,Is balanced,Need a big buff,Need a buff,Is balanced,Is balanced,Is balanced,Need a big buff,Need a buff,Is balanced,Is balanced,Need a nerf,Is balanced,Is balanced,Is balanced,Need a nerf,Is balanced,Is balanced,Need a buff,Need a buff,Is balanced,Is balanced,Is balanced,Need a big buff,Need a buff,Is balanced,Need a buff,Need a buff,Need a buff,Is balanced,Need a buff,Need a buff,Need a buff,Need a big buff,Need a buff,Is balanced,Is balanced,Is balanced,Need a buff,
26/11/2022 13:47:52,,Is balanced,Is balanced,Is balanced,Is balanced,Is balanced,Is balanced,Is balanced,Is balanced,Is balanced,Is balanced,Is balanced,Is balanced,Is balanced,Is balanced,Is balanced,Is balanced,Need a buff,Need a buff,Need a buff,Need a buff,Need a buff,Need a buff,Need a buff,Need a buff,Need a buff,Need a buff,Need a buff,Need a buff,Need a buff,Need a buff,Need a buff,Need a buff,Is balanced,Is balanced,Is balanced,Is balanced,Is balanced,Is balanced,Is balanced,Is balanced,Is balanced,Is balanced,Is balanced,Is balanced,Is balanced,Is balanced,Is balanced,Is balanced,Is balanced,Is balanced,Is balanced,Is balanced,Is balanced,Is balanced,Is balanced,Is balanced,Is balanced,Is balanced,Is balanced,Is balanced,Is balanced,Is balanced,Is balanced,Is balanced,Is balanced,Is balanced,Is balanced,Is balanced,Is balanced,Is balanced,Is balanced,Is balanced,Need a buff,Need a buff,Need a buff,Need a buff,Need a buff,Need a buff,Need a buff,Need a buff,Is balanced,Is balanced,Is balanced,Is balanced,Is balanced,Is balanced,Is balanced,Is balanced,
26/11/2022 13:48:17,Manzana,Need a buff,Need a buff,Is balanced,Need a buff,Need a buff,Is balanced,Is balanced,Is balanced,Need a buff,Is balanced,Is balanced,Is balanced,Is balanced,Is balanced,Is balanced,Is balanced,Is balanced,Is balanced,Is balanced,Is balanced,Is balanced,Is balanced,Is balanced,Is balanced,Is balanced,Is balanced,Is balanced,Is balanced,Is balanced,Is balanced,Is balanced,Is balanced,Is balanced,Is balanced,Need a big nerf,Need a nerf,Is balanced,Is balanced,Is balanced,Is balanced,Need a buff,Need a buff,Is balanced,Is balanced,Is balanced,Is balanced,Is balanced,Is balanced,Need a nerf,Is balanced,Need a nerf,Is balanced,Is balanced,Is balanced,Is balanced,Need a nerf,Is balanced,Is balanced,Is balanced,Is balanced,Is balanced,Is balanced,Is balanced,Is balanced,Need a big nerf,Need a nerf,Need a nerf,Need a nerf,Is balanced,Is balanced,Is balanced,Is balanced,Is balanced,Need a buff,Need a buff,Need a buff,Is balanced,Is balanced,Is balanced,Need a buff,Need a big buff,Need a buff,Need a buff,Need a buff,Is balanced,Is balanced,Is balanced,Need a big buff,nice work team GL for balancing its realy hard !
26/11/2022 13:50:38,The Beast,Is balanced,Need a buff,Need a buff,Is balanced,Is balanced,Is balanced,Need a buff,Need a buff,Need a nerf,Need a nerf,Need a nerf,Need a nerf,Need a nerf,Need a nerf,Need a nerf,Need a nerf,No opinion,No opinion,No opinion,No opinion,No opinion,No opinion,No opinion,No opinion,Need a big buff,Need a buff,Need a buff,Need a buff,Need a buff,Need a buff,Need a buff,Need a buff,Is balanced,Is balanced,Is balanced,Is balanced,Is balanced,Is balanced,Is balanced,Is balanced,Need a buff,Need a buff,Is balanced,Need a buff,Is balanced,Need a buff,Need a buff,Is balanced,Need a nerf,Is balanced,Need a nerf,Need a nerf,Is balanced,Is balanced,Is balanced,Is balanced,Need a big nerf,Need a nerf,Need a nerf,Need a nerf,Is balanced,Is balanced,Is balanced,Is balanced,Is balanced,Is balanced,Is balanced,Is balanced,Need a buff,Need a buff,Need a buff,Need a buff,Need a buff,Need a buff,Need a buff,Is balanced,Is balanced,Is balanced,Is balanced,Is balanced,Need a buff,Is balanced,Need a buff,Is balanced,Is balanced,Is balanced,Is balanced,Need a buff,No
26/11/2022 13:55:30,crys191971,Is balanced,Is balanced,Is balanced,Is balanced,Is balanced,Is balanced,Is balanced,Is balanced,Need a nerf,Need a nerf,Need a nerf,Need a nerf,Need a nerf,Need a nerf,Need a nerf,Need a nerf,Need a buff,Need a buff,Need a big buff,Need a big buff,Need a big buff,Need a big buff,Need a big buff,Need a big buff,Is balanced,Is balanced,Is balanced,Is balanced,Is balanced,Is balanced,Is balanced,Is balanced,Is balanced,Is balanced,Is balanced,Is balanced,Is balanced,Is balanced,Is balanced,Is balanced,Is balanced,Is balanced,Is balanced,Is balanced,Is balanced,Is balanced,Is balanced,Is balanced,Is balanced,Is balanced,Is balanced,Is balanced,Is balanced,Is balanced,Is balanced,Is balanced,Need a nerf,Need a nerf,Need a nerf,Need a nerf,Need a nerf,Need a nerf,Need a nerf,Need a nerf,Is balanced,Is balanced,Is balanced,Is balanced,Is balanced,Is balanced,Is balanced,Is balanced,Is balanced,Is balanced,Is balanced,Is balanced,Is balanced,Is balanced,Is balanced,Is balanced,Is balanced,Is balanced,Is balanced,Is balanced,Is balanced,Is balanced,Is balanced,Is balanced,I think we should increase weapon power on monkeys based on perks.
26/11/2022 13:58:07,,Need a big buff,Need a big buff,Is balanced,Need a buff,Need a buff,Need a buff,Need a big buff,Need a buff,Need a big buff,Is balanced,Need a big buff,Need a big buff,Need a big buff,Need a big buff,Need a big buff,Need a big buff,Need a big buff,Need a big buff,Need a big buff,Need a big buff,Need a big buff,Need a big buff,Need a big buff,Need a big buff,Need a big buff,Need a big buff,Need a big buff,Need a big buff,Need a big buff,Need a big buff,Need a big buff,Need a big buff,Is balanced,Is balanced,Is balanced,Is balanced,Is balanced,Is balanced,Is balanced,Is balanced,Need a big buff,Need a big buff,Need a big buff,Need a big buff,Need a big buff,Need a big buff,Need a big buff,Need a big buff,Is balanced,Is balanced,Is balanced,Is balanced,Is balanced,Is balanced,Is balanced,Is balanced,Need a buff,Need a buff,Need a buff,Need a buff,Need a buff,Need a buff,Need a buff,Need a buff,Need a nerf,Need a nerf,Need a nerf,Need a nerf,Need a nerf,Need a nerf,Need a nerf,Need a nerf,Need a big buff,Need a big buff,Need a big buff,Need a big buff,Need a big buff,Need a big buff,Need a big buff,Need a big buff,Need a buff,Need a buff,Need a buff,Need a buff,Need a buff,Need a buff,Need a buff,Need a buff,
26/11/2022 13:58:22,,Is balanced,Is balanced,Is balanced,Is balanced,Is balanced,Is balanced,Is balanced,Is balanced,Need a buff,Need a buff,Is balanced,Is balanced,Is balanced,Is balanced,Is balanced,Is balanced,Need a big buff,Need a big buff,Need a big buff,Need a big buff,Need a big buff,Need a big buff,Need a big buff,Need a big buff,Is balanced,Is balanced,Is balanced,Is balanced,Is balanced,Is balanced,Is balanced,Is balanced,Need a big nerf,Need a big nerf,Need a big nerf,Need a big nerf,Need a big nerf,Need a big nerf,Need a big nerf,Need a big nerf,Is balanced,Is balanced,Is balanced,Is balanced,Is balanced,Is balanced,Is balanced,Is balanced,Need a buff,Need a buff,Is balanced,Is balanced,Is balanced,Is balanced,Is balanced,Is balanced,Is balanced,Is balanced,Is balanced,Is balanced,Is balanced,Is balanced,Is balanced,Is balanced,Need a big nerf,Need a big nerf,Need a big nerf,Need a big nerf,Need a big nerf,Need a big nerf,Need a big nerf,Need a big nerf,Is balanced,Is balanced,Is balanced,Is balanced,Is balanced,Is balanced,Is balanced,Is balanced,Need a nerf,Need a nerf,Need a nerf,Need a nerf,Need a nerf,Need a nerf,Need a nerf,Need a nerf,
26/11/2022 14:02:21,GhoOosTDZ,Is balanced,Need a buff,Is balanced,Is balanced,Is balanced,Is balanced,Is balanced,Need a buff,Is balanced,Is balanced,Is balanced,Is balanced,Is balanced,Is balanced,Is balanced,Is balanced,Is balanced,Is balanced,Need a buff,Need a buff,Is balanced,Is balanced,Is balanced,Is balanced,Is balanced,Need a buff,Need a buff,Is balanced,Is balanced,Is balanced,Is balanced,Is balanced,Is balanced,Is balanced,Is balanced,Is balanced,Is balanced,Is balanced,Is balanced,Is balanced,Is balanced,Need a buff,Need a buff,Is balanced,Is balanced,Is balanced,Is balanced,Need a buff,Is balanced,Need a buff,Need a buff,Is balanced,Is balanced,Is balanced,Is balanced,Is balanced,Is balanced,Is balanced,Is balanced,Is balanced,Is balanced,Is balanced,Is balanced,Is balanced,Is balanced,Is balanced,Is balanced,Is balanced,Is balanced,Is balanced,Is balanced,Is balanced,Is balanced,Need a buff,Need a buff,Is balanced,Is balanced,Is balanced,Is balanced,Is balanced,Need a buff,Is balanced,Is balanced,Need a buff,Is balanced,Is balanced,Need a buff,Need a buff,Very good game.
26/11/2022 14:03:58,,Need a buff,Need a big buff,Is balanced,Is balanced,Is balanced,Need a big buff,No opinion,Is balanced,Need a buff,Is balanced,Need a buff,Is balanced,Is balanced,Is balanced,Is balanced,Is balanced,Need a buff,Is balanced,Is balanced,Need a buff,Is balanced,Is balanced,Is balanced,Is balanced,Need a buff,Need a buff,No opinion,No opinion,Is balanced,No opinion,Is balanced,Is balanced,Is balanced,Is balanced,Need a nerf,Is balanced,Is balanced,Is balanced,Is balanced,Is balanced,Need a buff,Is balanced,Is balanced,Is balanced,Is balanced,Need a buff,Is balanced,Is balanced,Is balanced,Is balanced,Is balanced,Is balanced,Need a buff,Is balanced,Is balanced,Is balanced,Is balanced,Is balanced,Need a nerf,Is balanced,Is balanced,Is balanced,Is balanced,Is balanced,Is balanced,Is balanced,Is balanced,Is balanced,Is balanced,Is balanced,Is balanced,Is balanced,Need a buff,No opinion,No opinion,No opinion,No opinion,Need a buff,No opinion,No opinion,Need a buff,Is balanced,Is balanced,Is balanced,Is balanced,Is balanced,Is balanced,Is balanced,
26/11/2022 14:05:11,Luckyboy ,No opinion,No opinion,No opinion,No opinion,No opinion,No opinion,No opinion,No opinion,No opinion,No opinion,No opinion,No opinion,No opinion,No opinion,No opinion,No opinion,No opinion,No opinion,No opinion,No opinion,No opinion,No opinion,No opinion,No opinion,No opinion,Need a buff,Is balanced,Is balanced,Is balanced,Is balanced,Is balanced,Is balanced,Is balanced,Is balanced,Need a nerf,Need a nerf,Need a nerf,Need a nerf,Need a nerf,Need a nerf,No opinion,No opinion,No opinion,No opinion,No opinion,No opinion,No opinion,No opinion,Is balanced,Need a buff,Is balanced,Need a buff,Need a buff,Is balanced,Is balanced,Is balanced,Need a nerf,Is balanced,Need a nerf,Need a nerf,Need a nerf,Need a nerf,Need a nerf,Need a nerf,Is balanced,Is balanced,Is balanced,Is balanced,Need a buff,Is balanced,Need a buff,Need a buff,No opinion,No opinion,No opinion,No opinion,No opinion,No opinion,No opinion,No opinion,No opinion,No opinion,No opinion,No opinion,No opinion,No opinion,No opinion,No opinion,"Keep on going , you are doing a great job 🤗"
26/11/2022 14:15:54,ClausiOP,Need a big buff,Need a big buff,Is balanced,Need a big buff,Is balanced,Is balanced,Is balanced,Is balanced,Is balanced,Is balanced,Is balanced,Is balanced,Is balanced,Is balanced,Is balanced,Is balanced,Is balanced,Need a buff,Is balanced,Need a big buff,Need a big buff,Is balanced,Is balanced,Need a big buff,Is balanced,Need a big buff,Is balanced,Is balanced,Need a big buff,Need a buff,Is balanced,Is balanced,Is balanced,Is balanced,Need a big nerf,Is balanced,Is balanced,Is balanced,Is balanced,Is balanced,Is balanced,Need a buff,Is balanced,Need a big buff,Is balanced,Is balanced,Is balanced,Need a buff,Need a buff,Need a buff,Is balanced,Need a buff,Need a buff,Is balanced,Is balanced,Need a big buff,Need a buff,Need a buff,Is balanced,Need a buff,Is balanced,Is balanced,Need a buff,Is balanced,Need a nerf,Is balanced,Is balanced,Is balanced,Is balanced,Is balanced,Need a buff,Is balanced,Need a buff,Need a buff,Is balanced,Need a buff,Need a buff,Is balanced,Need a buff,Need a buff,Need a big buff,Need a big buff,Need a buff,Need a buff,Is balanced,Is balanced,Need a buff,Need a buff,
26/11/2022 14:17:24,deniz,Need a buff,Need a buff,Is balanced,Need a buff,Is balanced,Is balanced,Is balanced,Is balanced,Is balanced,Is balanced,Is balanced,Is balanced,Is balanced,Is balanced,Is balanced,Is balanced,Need a buff,Is balanced,Is balanced,Is balanced,Is balanced,Is balanced,Need a nerf,Is balanced,Need a big buff,Need a big buff,Need a big buff,Need a big buff,Need a big buff,Need a big buff,Need a big buff,Need a big buff,Need a nerf,Is balanced,Need a nerf,Is balanced,Is balanced,Is balanced,Is balanced,Is balanced,Need a buff,Need a buff,Need a buff,Need a buff,Need a buff,Need a buff,Is balanced,Is balanced,Is balanced,Is balanced,Is balanced,Is balanced,Need a buff,Is balanced,Is balanced,Is balanced,Is balanced,Is balanced,Need a nerf,Is balanced,Is balanced,Is balanced,Is balanced,Is balanced,Need a big nerf,Need a big nerf,Need a big nerf,Need a big nerf,Need a big nerf,Need a big nerf,Need a big nerf,Need a big nerf,Need a big buff,Need a big buff,Need a big buff,Need a big buff,Need a big buff,Need a big buff,Need a big buff,Need a big buff,Need a big buff,Need a big buff,Need a big buff,Need a big buff,Need a big buff,Need a big buff,Need a big buff,Need a big buff,
26/11/2022 14:20:07,knutz0r,Is balanced,Need a buff,Is balanced,Is balanced,Is balanced,Need a buff,Is balanced,Is balanced,Is balanced,Is balanced,Is balanced,Is balanced,Is balanced,Is balanced,Is balanced,Is balanced,Need a buff,Is balanced,Is balanced,Need a buff,Is balanced,Is balanced,Is balanced,Is balanced,Is balanced,Need a buff,Is balanced,Is balanced,Is balanced,Is balanced,Is balanced,Is balanced,Is balanced,Is balanced,Is balanced,Is balanced,Is balanced,Is balanced,Is balanced,Is balanced,Is balanced,Need a buff,Is balanced,Is balanced,Is balanced,Is balanced,Is balanced,Is balanced,Is balanced,Is balanced,Is balanced,Is balanced,Is balanced,Is balanced,Is balanced,Is balanced,Is balanced,Is balanced,Is balanced,Is balanced,Is balanced,Is balanced,Is balanced,Is balanced,Is balanced,Is balanced,Is balanced,Is balanced,Is balanced,Is balanced,Is balanced,Is balanced,Need a buff,Need a buff,Is balanced,Is balanced,Is balanced,Is balanced,Is balanced,Is balanced,Is balanced,Need a buff,Need a buff,Is balanced,Is balanced,Is balanced,Is balanced,Is balanced,
26/11/2022 14:20:51,SNTACP,No opinion,No opinion,No opinion,No opinion,No opinion,No opinion,No opinion,No opinion,Is balanced,Is balanced,Is balanced,Is balanced,Is balanced,Is balanced,Is balanced,Is balanced,Is balanced,Is balanced,Is balanced,Is balanced,Is balanced,Is balanced,Is balanced,Is balanced,Is balanced,Is balanced,Is balanced,Is balanced,Is balanced,Is balanced,Is balanced,Is balanced,Is balanced,Is balanced,Is balanced,Is balanced,Is balanced,Is balanced,Is balanced,Is balanced,Is balanced,Is balanced,Is balanced,Is balanced,Is balanced,Is balanced,Is balanced,Is balanced,Is balanced,Is balanced,Is balanced,Is balanced,Is balanced,Is balanced,Is balanced,Is balanced,Is balanced,Is balanced,Is balanced,Is balanced,Is balanced,Is balanced,Is balanced,Is balanced,Need a nerf,Is balanced,Is balanced,Is balanced,Is balanced,Is balanced,Is balanced,Is balanced,Is balanced,Is balanced,Is balanced,Is balanced,Is balanced,Is balanced,Is balanced,Is balanced,Need a buff,Is balanced,Need a buff,Is balanced,Is balanced,Is balanced,Is balanced,Is balanced,
26/11/2022 14:20:53,Hamps,Need a buff,Is balanced,Need a buff,Is balanced,Is balanced,Is balanced,Is balanced,Is balanced,Need a buff,Is balanced,Is balanced,Is balanced,Is balanced,Is balanced,Is balanced,Is balanced,Need a nerf,Is balanced,Is balanced,Need a nerf,Is balanced,Is balanced,Is balanced,Is balanced,Is balanced,Is balanced,Is balanced,Is balanced,Is balanced,Is balanced,Is balanced,Is balanced,Need a nerf,Is balanced,Is balanced,Is balanced,Is balanced,Is balanced,Is balanced,Is balanced,Need a buff,Is balanced,Is balanced,Is balanced,Is balanced,Is balanced,Is balanced,Is balanced,Need a nerf,Need a nerf,Need a nerf,Is balanced,Is balanced,Is balanced,Is balanced,Need a nerf,Is balanced,Is balanced,Need a nerf,Is balanced,Is balanced,Is balanced,Is balanced,Is balanced,Need a nerf,Is balanced,Is balanced,Is balanced,Is balanced,Is balanced,Is balanced,Is balanced,Is balanced,Is balanced,Is balanced,Is balanced,Is balanced,Is balanced,Is balanced,Is balanced,Need a buff,Is balanced,Need a buff,Is balanced,Is balanced,Is balanced,Is balanced,Is balanced,"If you can get stats on weapons usage then you should also apply that as a weight against any changes you consider making.
Obv shotgun is used by Everyone, therefor more likely requires balancing down slightly.  Spread gun is never used, there's your answer, needs buff.    That said, rolling in with a shotgun is the only answer to a lot of your bigger long range weapons.

Powerful players have a big advantage currently utilising rocket + shotgun switch. "
26/11/2022 14:21:21,,Need a buff,Need a buff,Need a buff,Need a buff,Is balanced,Is balanced,Is balanced,Is balanced,Need a buff,Need a buff,Is balanced,Need a buff,Is balanced,Is balanced,Is balanced,Is balanced,Need a buff,Need a buff,Need a buff,Need a buff,Need a buff,Need a buff,Need a buff,Need a buff,Need a buff,Need a buff,Need a buff,Is balanced,Is balanced,Is balanced,Is balanced,Is balanced,Is balanced,Is balanced,Is balanced,Is balanced,Is balanced,Is balanced,Is balanced,Is balanced,Need a buff,Need a buff,Need a buff,Need a buff,Need a buff,Need a buff,Need a buff,Need a buff,Is balanced,Is balanced,Is balanced,Is balanced,Is balanced,Is balanced,Is balanced,Is balanced,Need a buff,Need a buff,Need a buff,Is balanced,Is balanced,Is balanced,Is balanced,Is balanced,Need a big nerf,Is balanced,Is balanced,Is balanced,Is balanced,Is balanced,Is balanced,Is balanced,Need a buff,Need a buff,Need a buff,Need a buff,Is balanced,Is balanced,Is balanced,Is balanced,Need a buff,Need a buff,Need a buff,Need a buff,Need a buff,Need a buff,Need a buff,Need a buff,
26/11/2022 14:22:55,,Is balanced,Is balanced,Is balanced,Is balanced,Is balanced,Is balanced,Is balanced,Is balanced,Need a buff,Need a buff,Is balanced,Is balanced,Is balanced,Is balanced,Is balanced,Is balanced,Need a big buff,Need a big buff,Need a big buff,Need a big buff,Need a big buff,Need a big buff,Need a big buff,Need a big buff,Is balanced,Is balanced,Is balanced,Is balanced,Is balanced,Is balanced,Is balanced,Is balanced,Need a big nerf,Need a big nerf,Need a big nerf,Need a big nerf,Need a big nerf,Need a big nerf,Need a big nerf,Need a big nerf,Is balanced,Is balanced,Is balanced,Is balanced,Is balanced,Is balanced,Is balanced,Is balanced,Is balanced,Is balanced,Is balanced,Is balanced,Need a buff,Need a buff,Need a buff,Need a buff,Is balanced,Is balanced,Is balanced,Is balanced,Is balanced,Is balanced,Is balanced,Is balanced,Need a big nerf,Need a big nerf,Need a big nerf,Need a big nerf,Need a big nerf,Need a big nerf,Need a big nerf,Need a big nerf,Is balanced,Is balanced,Is balanced,Is balanced,Is balanced,Is balanced,Is balanced,Is balanced,Need a big nerf,Need a big nerf,Need a big nerf,Need a nerf,Need a nerf,Need a nerf,Need a big nerf,Need a big nerf,
26/11/2022 14:24:36,Fonseca,Need a buff,Need a buff,Is balanced,Need a buff,Is balanced,Is balanced,Is balanced,Need a buff,Is balanced,Is balanced,Need a buff,Is balanced,Is balanced,Is balanced,Is balanced,Need a nerf,Need a big buff,Need a buff,Is balanced,Is balanced,Is balanced,Need a buff,Need a buff,Is balanced,Is balanced,Need a buff,Need a buff,Is balanced,Is balanced,Need a buff,Is balanced,Is balanced,Need a nerf,Is balanced,Is balanced,Is balanced,Is balanced,Is balanced,Is balanced,Is balanced,Is balanced,Need a buff,Is balanced,Is balanced,Need a buff,Need a buff,Need a buff,Is balanced,Is balanced,Is balanced,Is balanced,Is balanced,Need a buff,Need a buff,Is balanced,Is balanced,Need a buff,Is balanced,Need a buff,Is balanced,Is balanced,Is balanced,Is balanced,Is balanced,Need a nerf,Is balanced,Need a buff,Is balanced,Is balanced,Need a buff,Is balanced,Is balanced,Need a buff,Need a buff,Is balanced,Is balanced,Is balanced,Need a buff,Is balanced,Is balanced,Need a big buff,Need a buff,Is balanced,Need a buff,Is balanced,Need a buff,Need a buff,Is balanced,
26/11/2022 14:39:28,Jordzack,Need a big buff,Need a buff,Is balanced,Is balanced,Need a buff,Is balanced,Is balanced,Need a big buff,Need a buff,Need a buff,Is balanced,Need a buff,Need a nerf,Need a nerf,Need a big buff,Need a buff,Need a big buff,Need a buff,Is balanced,Need a buff,Need a buff,Need a nerf,Need a big buff,Is balanced,Need a buff,Need a buff,Is balanced,Is balanced,Is balanced,Is balanced,Is balanced,Is balanced,Is balanced,Is balanced,Is balanced,Is balanced,Is balanced,Is balanced,Is balanced,Is balanced,Need a big buff,Need a buff,Is balanced,Is balanced,Need a buff,Need a nerf,Need a big buff,Is balanced,Is balanced,Is balanced,Is balanced,Is balanced,Is balanced,Is balanced,Is balanced,Is balanced,Need a buff,Need a buff,Is balanced,Is balanced,Need a buff,Need a nerf,Need a buff,Is balanced,Need a nerf,Need a nerf,Is balanced,Is balanced,Is balanced,Is balanced,Is balanced,Is balanced,Need a buff,Need a buff,Is balanced,Is balanced,Need a buff,Need a nerf,Need a buff,Is balanced,Need a big buff,Need a buff,Is balanced,Is balanced,Is balanced,Is balanced,Need a buff,Need a buff,"Awesome game. A few tweaks where all weapons could be used as specialty/expertise should be decided by the player not the game.

Shotguns and launchers are mainly used in this game since they are OP.

Great game though, would just like to see a variety of weapons in the field. It sometimes gets boring when there is no choice but to switch to the OP weapons.

Game modes: where only one weapon is used is also a good way to have fun. it would force all players to be good at the weapon at hand. (Ex. Shockers only, HMG only, SMG only, etc.) could make it random like the map. you would not know what weapon you would be using.

Could switch it up where Mondays we can choose. Tuesday weapons would be random. something like that. "
26/11/2022 14:53:52,Domocos16WCX,Need a buff,Need a buff,Is balanced,Is balanced,Is balanced,Need a buff,Is balanced,Is balanced,Need a buff,Need a buff,Is balanced,Is balanced,Is balanced,Is balanced,Is balanced,Is balanced,Need a big buff,Is balanced,Is balanced,Need a buff,Need a buff,Is balanced,Is balanced,Is balanced,Need a buff,Need a big buff,Is balanced,Is balanced,Is balanced,Is balanced,Is balanced,Is balanced,Need a nerf,Need a nerf,Need a nerf,Need a nerf,Is balanced,Is balanced,Is balanced,Is balanced,Is balanced,Is balanced,Is balanced,Is balanced,Is balanced,Is balanced,Is balanced,Is balanced,Need a buff,Is balanced,Is balanced,Is balanced,Is balanced,Is balanced,Is balanced,Is balanced,Need a buff,Need a buff,Is balanced,Is balanced,Is balanced,Is balanced,Is balanced,Is balanced,Need a nerf,Is balanced,Is balanced,Is balanced,Is balanced,Is balanced,Is balanced,Is balanced,Need a big buff,Need a buff,Is balanced,Is balanced,Is balanced,Is balanced,Is balanced,Is balanced,Is balanced,Is balanced,Is balanced,Is balanced,Is balanced,Is balanced,Is balanced,Is balanced,
26/11/2022 14:54:42,Bam | PaperhandsGG,Need a big buff,Is balanced,Is balanced,Is balanced,Is balanced,Need a big buff,Is balanced,Is balanced,Need a buff,Is balanced,Is balanced,Is balanced,Is balanced,Is balanced,Is balanced,Need a buff,Need a buff,Is balanced,Is balanced,Is balanced,Need a nerf,Is balanced,Is balanced,Is balanced,Is balanced,Is balanced,Is balanced,Is balanced,Is balanced,Need a buff,Is balanced,Need a buff,Need a nerf,Is balanced,Need a nerf,Is balanced,Is balanced,Is balanced,Is balanced,Is balanced,Is balanced,Need a buff,Is balanced,Is balanced,Is balanced,Need a buff,Is balanced,Is balanced,Is balanced,Is balanced,Is balanced,Is balanced,Is balanced,Is balanced,Is balanced,Is balanced,Need a buff,Is balanced,Is balanced,Is balanced,Is balanced,Is balanced,Is balanced,Need a buff,Need a big nerf,Is balanced,Is balanced,Is balanced,Is balanced,Is balanced,Is balanced,Is balanced,Is balanced,Need a buff,Is balanced,Is balanced,Is balanced,Need a buff,Is balanced,Need a buff,Need a big buff,Need a big buff,Is balanced,Is balanced,Is balanced,Is balanced,Is balanced,Need a big buff,"
Keep up the good work !"
26/11/2022 14:57:04,AYAWxKOL,Need a big buff,Need a buff,Is balanced,Need a buff,Need a buff,Need a buff,Need a buff,Is balanced,Need a buff,Is balanced,Is balanced,Is balanced,Need a buff,Need a buff,Need a buff,Need a buff,Need a big buff,Need a big buff,Need a big buff,Need a big buff,Need a big buff,Need a big buff,Need a big buff,Need a big buff,Need a buff,Need a buff,Need a big buff,Need a big buff,Need a buff,Need a buff,Need a big buff,Need a buff,Need a buff,Need a buff,Is balanced,Is balanced,Is balanced,Is balanced,Is balanced,Is balanced,Need a buff,Need a buff,Need a big buff,Need a buff,Need a big buff,Need a buff,Need a big buff,Need a big buff,Need a buff,Need a big buff,Need a big buff,Need a buff,Need a buff,Need a buff,Is balanced,Is balanced,Need a big buff,Need a big buff,Need a buff,Need a buff,Need a big buff,Need a big buff,Need a big buff,Need a big buff,Need a big nerf,Need a big nerf,Need a big nerf,Need a big nerf,Need a big nerf,Need a big nerf,Need a big nerf,Need a big nerf,Need a buff,Need a big buff,Need a big buff,Need a buff,Need a big buff,Need a big buff,Need a big buff,Need a big buff,Need a buff,Need a big buff,Need a big buff,Need a big buff,Need a buff,Need a big buff,Need a big buff,Need a buff,make all weapon applicable to the game :)
26/11/2022 14:57:07,Berlinpanther,Need a buff,Need a buff,Is balanced,Need a nerf,Is balanced,Is balanced,Is balanced,Need a buff,Need a buff,Is balanced,Need a buff,Is balanced,Is balanced,Is balanced,Need a buff,Is balanced,Is balanced,Is balanced,Is balanced,Is balanced,Is balanced,Is balanced,Is balanced,Is balanced,Is balanced,Is balanced,Is balanced,Is balanced,Is balanced,Is balanced,Is balanced,Is balanced,Is balanced,Is balanced,Is balanced,Is balanced,Is balanced,Is balanced,Is balanced,Is balanced,Need a buff,Need a buff,Need a buff,Is balanced,Is balanced,Is balanced,Is balanced,Is balanced,Is balanced,Is balanced,Is balanced,Is balanced,Is balanced,Is balanced,Is balanced,Is balanced,Need a buff,Need a buff,Need a buff,Is balanced,Is balanced,Is balanced,Is balanced,Is balanced,Is balanced,Is balanced,Is balanced,Is balanced,Is balanced,Is balanced,Is balanced,Is balanced,Is balanced,Is balanced,Is balanced,Is balanced,Is balanced,Is balanced,Is balanced,Is balanced,Need a buff,Is balanced,Is balanced,Is balanced,Is balanced,Is balanced,Is balanced,Need a buff,Please give some kind of uitility to Sprays. Maybe some bonus if the spray is applied or a lot of sprays required for recruiting of a certain class/rarity. Sprays need utility othrwise they are useless/worthless. Thank you for your effort in making this game even more amazing!
26/11/2022 15:07:45,Mojo96,No opinion,No opinion,No opinion,No opinion,No opinion,No opinion,No opinion,No opinion,Need a buff,Need a buff,Need a buff,Is balanced,Is balanced,No opinion,Is balanced,Is balanced,Is balanced,Need a buff,Is balanced,Is balanced,Is balanced,Is balanced,Is balanced,Need a buff,Need a buff,Need a buff,Is balanced,Is balanced,Is balanced,Need a buff,Need a buff,Is balanced,Is balanced,Is balanced,Need a nerf,Is balanced,Is balanced,Is balanced,Is balanced,Is balanced,Need a buff,Need a big buff,Is balanced,Need a buff,Need a buff,Is balanced,Is balanced,Need a buff,Is balanced,Is balanced,Is balanced,Is balanced,Is balanced,Is balanced,Need a buff,Is balanced,Need a buff,Need a buff,Is balanced,Is balanced,Is balanced,Is balanced,Need a buff,Need a buff,Is balanced,Is balanced,Is balanced,Is balanced,Is balanced,Is balanced,Need a buff,Is balanced,Need a buff,Need a buff,Is balanced,Is balanced,Is balanced,Need a buff,Need a buff,Is balanced,Need a buff,Is balanced,Is balanced,Need a buff,Is balanced,Is balanced,Need a buff,Need a buff,
26/11/2022 15:12:04,,Is balanced,Need a buff,Need a big buff,Is balanced,Is balanced,No opinion,Is balanced,No opinion,Need a big buff,Is balanced,Need a big buff,No opinion,No opinion,No opinion,No opinion,No opinion,Is balanced,Is balanced,Need a buff,Is balanced,Is balanced,Is balanced,Is balanced,Is balanced,Is balanced,Need a buff,Is balanced,Is balanced,Is balanced,Is balanced,Is balanced,Is balanced,Need a nerf,Need a nerf,Is balanced,No opinion,No opinion,No opinion,No opinion,No opinion,Is balanced,Need a big buff,Need a buff,Is balanced,Need a buff,Is balanced,Need a big buff,Need a big buff,Is balanced,Is balanced,Is balanced,Is balanced,Is balanced,Is balanced,Is balanced,Is balanced,Is balanced,Need a buff,Need a buff,Is balanced,Need a buff,Is balanced,Need a buff,Need a buff,Need a nerf,Is balanced,Is balanced,Need a nerf,Is balanced,Is balanced,Is balanced,Is balanced,No opinion,No opinion,No opinion,No opinion,No opinion,No opinion,No opinion,No opinion,Need a buff,Need a buff,Need a big buff,Need a buff,Is balanced,Is balanced,Is balanced,Need a buff,
26/11/2022 15:13:21,,Need a big buff,Need a big buff,Need a big buff,Need a big buff,Need a big buff,Need a big buff,Need a big buff,Need a big buff,Need a nerf,Need a nerf,Need a nerf,Need a nerf,Need a nerf,Need a nerf,Need a nerf,Need a nerf,Need a nerf,Need a nerf,Is balanced,Is balanced,Is balanced,Is balanced,Is balanced,Is balanced,Need a buff,Need a buff,Need a buff,Is balanced,Is balanced,Is balanced,Is balanced,Is balanced,Is balanced,Is balanced,Is balanced,Is balanced,Is balanced,Is balanced,Is balanced,Is balanced,Is balanced,Need a buff,Need a buff,Need a nerf,Is balanced,Is balanced,Is balanced,Is balanced,Need a nerf,Need a buff,Is balanced,Is balanced,Is balanced,Is balanced,Is balanced,Is balanced,Is balanced,Is balanced,Is balanced,Is balanced,Is balanced,Is balanced,Is balanced,Is balanced,Is balanced,Is balanced,Is balanced,Is balanced,Is balanced,Is balanced,Is balanced,Is balanced,Need a buff,Need a buff,Need a buff,Need a buff,Need a buff,Need a buff,Need a buff,Need a buff,Is balanced,Is balanced,Is balanced,Is balanced,Is balanced,Is balanced,Is balanced,Is balanced,
26/11/2022 15:15:20,,Need a buff,Need a buff,Need a buff,Need a buff,Need a buff,Need a buff,Need a buff,Need a buff,Is balanced,Is balanced,Is balanced,Is balanced,Is balanced,Is balanced,Is balanced,Is balanced,Need a buff,Need a buff,Is balanced,Is balanced,Is balanced,Is balanced,Is balanced,Is balanced,Is balanced,Is balanced,Is balanced,Is balanced,Is balanced,Is balanced,Is balanced,Is balanced,Need a nerf,Is balanced,Is balanced,Is balanced,Is balanced,Is balanced,Is balanced,Is balanced,Is balanced,Is balanced,Need a buff,Is balanced,Is balanced,Is balanced,Is balanced,Is balanced,Is balanced,Is balanced,Is balanced,Is balanced,Is balanced,Is balanced,Is balanced,Is balanced,Is balanced,Is balanced,Is balanced,Is balanced,Is balanced,Is balanced,Is balanced,Is balanced,Is balanced,Is balanced,Is balanced,Is balanced,Is balanced,Is balanced,Is balanced,Is balanced,Need a buff,Need a buff,Is balanced,Is balanced,Is balanced,Is balanced,Is balanced,Is balanced,Is balanced,Is balanced,Is balanced,Is balanced,Is balanced,Is balanced,Is balanced,Is balanced,LFG
26/11/2022 15:22:38,DJEBLI,Need a nerf,Need a nerf,Need a big nerf,Need a nerf,Is balanced,Need a nerf,Need a nerf,Is balanced,Is balanced,Need a nerf,Need a nerf,Need a nerf,Need a big nerf,Need a nerf,Is balanced,Is balanced,Need a nerf,Need a nerf,No opinion,Need a big buff,Is balanced,Is balanced,Need a big buff,Need a buff,Need a buff,Need a buff,Need a nerf,Need a buff,Need a buff,Is balanced,Need a big buff,Need a buff,Need a buff,Is balanced,Need a buff,Is balanced,Need a big buff,Need a buff,Need a big buff,Need a nerf,Is balanced,Need a buff,Need a big buff,Is balanced,Need a big buff,Need a buff,Need a buff,Is balanced,Need a big buff,Need a buff,Is balanced,Need a buff,Need a buff,Is balanced,Need a big buff,Need a big buff,Need a buff,Need a big buff,Need a buff,Is balanced,Need a buff,Need a big buff,Need a buff,Need a buff,Need a buff,Is balanced,Need a buff,Is balanced,Need a buff,Need a buff,Is balanced,Need a buff,Is balanced,Need a buff,Need a buff,Is balanced,Need a buff,Is balanced,Need a buff,Is balanced,Need a big buff,Need a buff,Need a big buff,Need a big buff,Need a buff,Need a buff,Need a buff,Need a big buff,No 
26/11/2022 15:28:51,,Need a big buff,Need a big buff,Need a big buff,Need a big buff,Need a big buff,Need a big buff,Need a big buff,Need a big buff,Is balanced,Is balanced,Is balanced,Is balanced,Is balanced,Is balanced,Is balanced,Is balanced,Is balanced,Is balanced,Is balanced,Is balanced,Is balanced,Is balanced,Is balanced,Is balanced,Need a buff,Need a buff,Need a buff,Need a buff,Need a buff,Need a buff,Need a buff,Need a buff,Is balanced,Is balanced,Is balanced,Is balanced,Is balanced,Is balanced,Is balanced,Is balanced,Is balanced,Is balanced,Is balanced,Is balanced,Is balanced,Is balanced,Is balanced,Is balanced,Need a buff,Need a buff,Need a buff,Need a buff,Need a buff,Need a buff,Need a buff,Need a buff,Is balanced,Is balanced,Is balanced,Is balanced,Is balanced,Is balanced,Is balanced,Is balanced,Need a big nerf,Need a big nerf,Need a big nerf,Need a big nerf,Need a big nerf,Need a big nerf,Need a big nerf,Need a big nerf,Need a buff,Need a buff,Need a buff,Need a buff,Need a buff,Need a buff,Need a buff,Need a buff,Need a buff,Need a buff,Need a buff,Need a buff,Need a buff,Need a buff,Need a buff,Need a buff,Can you make is fair on the gameplay can you make feel better on playing cellphone that the big problem of all cellphone user's hoping that's it's fair on playing laptop/pc
26/11/2022 15:30:37,Palz,Need a nerf,Need a big nerf,Need a nerf,Need a nerf,Need a nerf,Is balanced,Is balanced,Need a big nerf,Need a buff,Need a big buff,Need a buff,Need a buff,Need a buff,No opinion,No opinion,Need a buff,Need a buff,Need a buff,Need a buff,Need a big buff,Need a buff,No opinion,No opinion,Need a buff,Need a buff,Is balanced,Is balanced,Need a buff,Need a buff,No opinion,No opinion,Need a buff,Need a buff,Is balanced,Is balanced,No opinion,No opinion,No opinion,No opinion,No opinion,Need a buff,Need a buff,Need a buff,Need a buff,Need a buff,Need a buff,Need a buff,Need a buff,Need a big buff,Need a big buff,Is balanced,Need a buff,Need a buff,Need a nerf,No opinion,No opinion,Need a buff,Need a buff,Need a buff,Need a buff,Need a buff,No opinion,No opinion,No opinion,Need a nerf,Need a buff,Is balanced,Is balanced,Is balanced,Is balanced,Is balanced,Is balanced,Need a buff,Need a buff,Need a buff,Need a buff,Need a buff,Need a buff,Need a buff,Need a buff,Need a big buff,Need a big buff,Need a big buff,Need a big buff,Need a big buff,Need a big buff,No opinion,No opinion,"Please have a balance match. like power graph or limits. 0 power to 1k power will fight against each other. 1001 power to 1500 power will fight. etc.
and hope those who use pc will fight pc users too.
and android users vs android users.
its very OP fighting against pc usera."